ISO-10303-21;
HEADER;
FILE_DESCRIPTION(('KiCad electronic assembly'),'2;1');
FILE_NAME('lamp.step','2026-01-08T16:09:00',('Pcbnew'),('Kicad'),
  'Open CASCADE STEP processor 7.6','KiCad to STEP converter','Unknown'
  );
FILE_SCHEMA(('AUTOMOTIVE_DESIGN { 1 0 10303 214 1 1 1 1 }'));
ENDSEC;
DATA;
#1 = APPLICATION_PROTOCOL_DEFINITION('international standard',
  'automotive_design',2000,#2);
#2 = APPLICATION_CONTEXT(
  'core data for automotive mechanical design processes');
#3 = SHAPE_DEFINITION_REPRESENTATION(#4,#10);
#4 = PRODUCT_DEFINITION_SHAPE('','',#5);
#5 = PRODUCT_DEFINITION('design','',#6,#9);
#6 = PRODUCT_DEFINITION_FORMATION('','',#7);
#7 = PRODUCT('lamp 1','lamp 1','',(#8));
#8 = PRODUCT_CONTEXT('',#2,'mechanical');
#9 = PRODUCT_DEFINITION_CONTEXT('part definition',#2,'design');
#10 = SHAPE_REPRESENTATION('',(#11,#15,#19,#23,#27,#31,#35),#39);
#11 = AXIS2_PLACEMENT_3D('',#12,#13,#14);
#12 = CARTESIAN_POINT('',(0.,0.,0.));
#13 = DIRECTION('',(0.,0.,1.));
#14 = DIRECTION('',(1.,0.,-0.));
#15 = AXIS2_PLACEMENT_3D('',#16,#17,#18);
#16 = CARTESIAN_POINT('',(121.8,-101.5,1.595));
#17 = DIRECTION('',(0.,0.,1.));
#18 = DIRECTION('',(1.,0.,0.));
#19 = AXIS2_PLACEMENT_3D('',#20,#21,#22);
#20 = CARTESIAN_POINT('',(127.,-109.6625,1.595));
#21 = DIRECTION('',(-0.,0.,1.));
#22 = DIRECTION('',(1.110223024625E-16,-1.,0.));
#23 = AXIS2_PLACEMENT_3D('',#24,#25,#26);
#24 = CARTESIAN_POINT('',(118.5,-111.225,1.595));
#25 = DIRECTION('',(0.,-0.,1.));
#26 = DIRECTION('',(1.110223024625E-16,1.,0.));
#27 = AXIS2_PLACEMENT_3D('',#28,#29,#30);
#28 = CARTESIAN_POINT('',(134.5,-109.6375,1.595));
#29 = DIRECTION('',(-0.,0.,1.));
#30 = DIRECTION('',(1.110223024625E-16,-1.,0.));
#31 = AXIS2_PLACEMENT_3D('',#32,#33,#34);
#32 = CARTESIAN_POINT('',(118.5,-101.46,1.595));
#33 = DIRECTION('',(0.,0.,1.));
#34 = DIRECTION('',(1.,0.,0.));
#35 = AXIS2_PLACEMENT_3D('',#36,#37,#38);
#36 = CARTESIAN_POINT('',(0.,0.,0.));
#37 = DIRECTION('',(0.,0.,1.));
#38 = DIRECTION('',(1.,0.,-0.));
#39 = ( GEOMETRIC_REPRESENTATION_CONTEXT(3) 
GLOBAL_UNCERTAINTY_ASSIGNED_CONTEXT((#43)) GLOBAL_UNIT_ASSIGNED_CONTEXT(
(#40,#41,#42)) REPRESENTATION_CONTEXT('Context #1',
  '3D Context with UNIT and UNCERTAINTY') );
#40 = ( LENGTH_UNIT() NAMED_UNIT(*) SI_UNIT(.MILLI.,.METRE.) );
#41 = ( NAMED_UNIT(*) PLANE_ANGLE_UNIT() SI_UNIT($,.RADIAN.) );
#42 = ( NAMED_UNIT(*) SI_UNIT($,.STERADIAN.) SOLID_ANGLE_UNIT() );
#43 = UNCERTAINTY_MEASURE_WITH_UNIT(LENGTH_MEASURE(1.E-07),#40,
  'distance_accuracy_value','confusion accuracy');
#44 = PRODUCT_RELATED_PRODUCT_CATEGORY('part',$,(#7));
#45 = SHAPE_DEFINITION_REPRESENTATION(#46,#52);
#46 = PRODUCT_DEFINITION_SHAPE('','',#47);
#47 = PRODUCT_DEFINITION('design','',#48,#51);
#48 = PRODUCT_DEFINITION_FORMATION('','',#49);
#49 = PRODUCT('R_Axial_DIN0309_L9.0mm_D3.2mm_P12.70mm_Horizontal',
  'R_Axial_DIN0309_L9.0mm_D3.2mm_P12.70mm_Horizontal','',(#50));
#50 = PRODUCT_CONTEXT('',#2,'mechanical');
#51 = PRODUCT_DEFINITION_CONTEXT('part definition',#2,'design');
#52 = ADVANCED_BREP_SHAPE_REPRESENTATION('',(#11,#53),#440);
#53 = MANIFOLD_SOLID_BREP('',#54);
#54 = CLOSED_SHELL('',(#55,#88,#114,#134,#154,#179,#204,#224,#250,#275,
    #300,#326,#335,#355,#380,#406,#431));
#55 = ADVANCED_FACE('',(#56),#83,.T.);
#56 = FACE_BOUND('',#57,.T.);
#57 = EDGE_LOOP('',(#58,#67,#75,#82));
#58 = ORIENTED_EDGE('',*,*,#59,.T.);
#59 = EDGE_CURVE('',#60,#60,#62,.T.);
#60 = VERTEX_POINT('',#61);
#61 = CARTESIAN_POINT('',(2.65,1.6,1.6));
#62 = CIRCLE('',#63,1.6);
#63 = AXIS2_PLACEMENT_3D('',#64,#65,#66);
#64 = CARTESIAN_POINT('',(2.65,0.,1.6));
#65 = DIRECTION('',(1.,0.,0.));
#66 = DIRECTION('',(-0.,1.,0.));
#67 = ORIENTED_EDGE('',*,*,#68,.T.);
#68 = EDGE_CURVE('',#60,#69,#71,.T.);
#69 = VERTEX_POINT('',#70);
#70 = CARTESIAN_POINT('',(4.1,1.6,1.6));
#71 = LINE('',#72,#73);
#72 = CARTESIAN_POINT('',(1.85,1.6,1.6));
#73 = VECTOR('',#74,1.);
#74 = DIRECTION('',(1.,0.,0.));
#75 = ORIENTED_EDGE('',*,*,#76,.F.);
#76 = EDGE_CURVE('',#69,#69,#77,.T.);
#77 = CIRCLE('',#78,1.6);
#78 = AXIS2_PLACEMENT_3D('',#79,#80,#81);
#79 = CARTESIAN_POINT('',(4.1,0.,1.6));
#80 = DIRECTION('',(1.,0.,0.));
#81 = DIRECTION('',(-0.,1.,0.));
#82 = ORIENTED_EDGE('',*,*,#68,.F.);
#83 = CYLINDRICAL_SURFACE('',#84,1.6);
#84 = AXIS2_PLACEMENT_3D('',#85,#86,#87);
#85 = CARTESIAN_POINT('',(1.85,0.,1.6));
#86 = DIRECTION('',(-1.,-0.,-0.));
#87 = DIRECTION('',(0.,1.,0.));
#88 = ADVANCED_FACE('',(#89),#109,.T.);
#89 = FACE_BOUND('',#90,.T.);
#90 = EDGE_LOOP('',(#91,#100,#107,#108));
#91 = ORIENTED_EDGE('',*,*,#92,.T.);
#92 = EDGE_CURVE('',#93,#93,#95,.T.);
#93 = VERTEX_POINT('',#94);
#94 = CARTESIAN_POINT('',(1.85,0.8,1.6));
#95 = CIRCLE('',#96,0.8);
#96 = AXIS2_PLACEMENT_3D('',#97,#98,#99);
#97 = CARTESIAN_POINT('',(1.85,0.,1.6));
#98 = DIRECTION('',(1.,0.,0.));
#99 = DIRECTION('',(-0.,1.,0.));
#100 = ORIENTED_EDGE('',*,*,#101,.F.);
#101 = EDGE_CURVE('',#60,#93,#102,.T.);
#102 = CIRCLE('',#103,0.8);
#103 = AXIS2_PLACEMENT_3D('',#104,#105,#106);
#104 = CARTESIAN_POINT('',(2.65,0.8,1.6));
#105 = DIRECTION('',(0.,-0.,1.));
#106 = DIRECTION('',(0.,1.,0.));
#107 = ORIENTED_EDGE('',*,*,#59,.F.);
#108 = ORIENTED_EDGE('',*,*,#101,.T.);
#109 = TOROIDAL_SURFACE('',#110,0.8,0.8);
#110 = AXIS2_PLACEMENT_3D('',#111,#112,#113);
#111 = CARTESIAN_POINT('',(2.65,0.,1.6));
#112 = DIRECTION('',(-1.,0.,0.));
#113 = DIRECTION('',(0.,1.,0.));
#114 = ADVANCED_FACE('',(#115,#118),#129,.F.);
#115 = FACE_BOUND('',#116,.F.);
#116 = EDGE_LOOP('',(#117));
#117 = ORIENTED_EDGE('',*,*,#76,.F.);
#118 = FACE_BOUND('',#119,.F.);
#119 = EDGE_LOOP('',(#120));
#120 = ORIENTED_EDGE('',*,*,#121,.F.);
#121 = EDGE_CURVE('',#122,#122,#124,.T.);
#122 = VERTEX_POINT('',#123);
#123 = CARTESIAN_POINT('',(4.1,1.44,1.6));
#124 = CIRCLE('',#125,1.44);
#125 = AXIS2_PLACEMENT_3D('',#126,#127,#128);
#126 = CARTESIAN_POINT('',(4.1,0.,1.6));
#127 = DIRECTION('',(-1.,0.,0.));
#128 = DIRECTION('',(0.,1.,0.));
#129 = PLANE('',#130);
#130 = AXIS2_PLACEMENT_3D('',#131,#132,#133);
#131 = CARTESIAN_POINT('',(4.1,1.6,1.6));
#132 = DIRECTION('',(-1.,0.,0.));
#133 = DIRECTION('',(0.,0.,-1.));
#134 = ADVANCED_FACE('',(#135,#138),#149,.T.);
#135 = FACE_BOUND('',#136,.T.);
#136 = EDGE_LOOP('',(#137));
#137 = ORIENTED_EDGE('',*,*,#92,.F.);
#138 = FACE_BOUND('',#139,.T.);
#139 = EDGE_LOOP('',(#140));
#140 = ORIENTED_EDGE('',*,*,#141,.T.);
#141 = EDGE_CURVE('',#142,#142,#144,.T.);
#142 = VERTEX_POINT('',#143);
#143 = CARTESIAN_POINT('',(1.85,0.,1.25));
#144 = CIRCLE('',#145,0.35);
#145 = AXIS2_PLACEMENT_3D('',#146,#147,#148);
#146 = CARTESIAN_POINT('',(1.85,0.,1.6));
#147 = DIRECTION('',(1.,-0.,0.));
#148 = DIRECTION('',(0.,0.,-1.));
#149 = PLANE('',#150);
#150 = AXIS2_PLACEMENT_3D('',#151,#152,#153);
#151 = CARTESIAN_POINT('',(1.85,1.6,1.6));
#152 = DIRECTION('',(-1.,0.,0.));
#153 = DIRECTION('',(0.,0.,-1.));
#154 = ADVANCED_FACE('',(#155),#174,.T.);
#155 = FACE_BOUND('',#156,.T.);
#156 = EDGE_LOOP('',(#157,#166,#172,#173));
#157 = ORIENTED_EDGE('',*,*,#158,.T.);
#158 = EDGE_CURVE('',#159,#159,#161,.T.);
#159 = VERTEX_POINT('',#160);
#160 = CARTESIAN_POINT('',(8.6,1.44,1.6));
#161 = CIRCLE('',#162,1.44);
#162 = AXIS2_PLACEMENT_3D('',#163,#164,#165);
#163 = CARTESIAN_POINT('',(8.6,0.,1.6));
#164 = DIRECTION('',(-1.,0.,0.));
#165 = DIRECTION('',(0.,1.,0.));
#166 = ORIENTED_EDGE('',*,*,#167,.F.);
#167 = EDGE_CURVE('',#122,#159,#168,.T.);
#168 = LINE('',#169,#170);
#169 = CARTESIAN_POINT('',(1.85,1.44,1.6));
#170 = VECTOR('',#171,1.);
#171 = DIRECTION('',(1.,0.,0.));
#172 = ORIENTED_EDGE('',*,*,#121,.F.);
#173 = ORIENTED_EDGE('',*,*,#167,.T.);
#174 = CYLINDRICAL_SURFACE('',#175,1.44);
#175 = AXIS2_PLACEMENT_3D('',#176,#177,#178);
#176 = CARTESIAN_POINT('',(1.85,0.,1.6));
#177 = DIRECTION('',(-1.,-0.,-0.));
#178 = DIRECTION('',(0.,1.,0.));
#179 = ADVANCED_FACE('',(#180),#199,.T.);
#180 = FACE_BOUND('',#181,.T.);
#181 = EDGE_LOOP('',(#182,#191,#197,#198));
#182 = ORIENTED_EDGE('',*,*,#183,.F.);
#183 = EDGE_CURVE('',#184,#184,#186,.T.);
#184 = VERTEX_POINT('',#185);
#185 = CARTESIAN_POINT('',(1.05,0.,1.25));
#186 = CIRCLE('',#187,0.35);
#187 = AXIS2_PLACEMENT_3D('',#188,#189,#190);
#188 = CARTESIAN_POINT('',(1.05,0.,1.6));
#189 = DIRECTION('',(-1.,0.,6.049014748177E-16));
#190 = DIRECTION('',(6.049014748177E-16,0.,1.));
#191 = ORIENTED_EDGE('',*,*,#192,.T.);
#192 = EDGE_CURVE('',#184,#142,#193,.T.);
#193 = LINE('',#194,#195);
#194 = CARTESIAN_POINT('',(1.05,0.,1.25));
#195 = VECTOR('',#196,1.);
#196 = DIRECTION('',(1.,0.,0.));
#197 = ORIENTED_EDGE('',*,*,#141,.F.);
#198 = ORIENTED_EDGE('',*,*,#192,.F.);
#199 = CYLINDRICAL_SURFACE('',#200,0.35);
#200 = AXIS2_PLACEMENT_3D('',#201,#202,#203);
#201 = CARTESIAN_POINT('',(1.05,0.,1.6));
#202 = DIRECTION('',(1.,0.,0.));
#203 = DIRECTION('',(0.,0.,-1.));
#204 = ADVANCED_FACE('',(#205,#216),#219,.T.);
#205 = FACE_BOUND('',#206,.T.);
#206 = EDGE_LOOP('',(#207));
#207 = ORIENTED_EDGE('',*,*,#208,.F.);
#208 = EDGE_CURVE('',#209,#209,#211,.T.);
#209 = VERTEX_POINT('',#210);
#210 = CARTESIAN_POINT('',(8.6,1.6,1.6));
#211 = CIRCLE('',#212,1.6);
#212 = AXIS2_PLACEMENT_3D('',#213,#214,#215);
#213 = CARTESIAN_POINT('',(8.6,0.,1.6));
#214 = DIRECTION('',(1.,0.,0.));
#215 = DIRECTION('',(-0.,1.,0.));
#216 = FACE_BOUND('',#217,.T.);
#217 = EDGE_LOOP('',(#218));
#218 = ORIENTED_EDGE('',*,*,#158,.F.);
#219 = PLANE('',#220);
#220 = AXIS2_PLACEMENT_3D('',#221,#222,#223);
#221 = CARTESIAN_POINT('',(8.6,1.6,1.6));
#222 = DIRECTION('',(-1.,0.,0.));
#223 = DIRECTION('',(0.,0.,-1.));
#224 = ADVANCED_FACE('',(#225),#245,.T.);
#225 = FACE_BOUND('',#226,.T.);
#226 = EDGE_LOOP('',(#227,#236,#237,#238));
#227 = ORIENTED_EDGE('',*,*,#228,.T.);
#228 = EDGE_CURVE('',#229,#184,#231,.T.);
#229 = VERTEX_POINT('',#230);
#230 = CARTESIAN_POINT('',(0.35,0.,0.55));
#231 = CIRCLE('',#232,0.7);
#232 = AXIS2_PLACEMENT_3D('',#233,#234,#235);
#233 = CARTESIAN_POINT('',(1.05,1.285879139105E-16,0.55));
#234 = DIRECTION('',(0.,1.,-0.));
#235 = DIRECTION('',(-1.,0.,0.));
#236 = ORIENTED_EDGE('',*,*,#183,.T.);
#237 = ORIENTED_EDGE('',*,*,#228,.F.);
#238 = ORIENTED_EDGE('',*,*,#239,.T.);
#239 = EDGE_CURVE('',#229,#229,#240,.T.);
#240 = CIRCLE('',#241,0.35);
#241 = AXIS2_PLACEMENT_3D('',#242,#243,#244);
#242 = CARTESIAN_POINT('',(0.,0.,0.55));
#243 = DIRECTION('',(0.,0.,1.));
#244 = DIRECTION('',(1.,0.,-0.));
#245 = TOROIDAL_SURFACE('',#246,1.05,0.35);
#246 = AXIS2_PLACEMENT_3D('',#247,#248,#249);
#247 = CARTESIAN_POINT('',(1.05,0.,0.55));
#248 = DIRECTION('',(0.,1.,0.));
#249 = DIRECTION('',(-1.,0.,0.));
#250 = ADVANCED_FACE('',(#251),#270,.T.);
#251 = FACE_BOUND('',#252,.T.);
#252 = EDGE_LOOP('',(#253,#254,#262,#269));
#253 = ORIENTED_EDGE('',*,*,#208,.T.);
#254 = ORIENTED_EDGE('',*,*,#255,.T.);
#255 = EDGE_CURVE('',#209,#256,#258,.T.);
#256 = VERTEX_POINT('',#257);
#257 = CARTESIAN_POINT('',(10.05,1.6,1.6));
#258 = LINE('',#259,#260);
#259 = CARTESIAN_POINT('',(8.6,1.6,1.6));
#260 = VECTOR('',#261,1.);
#261 = DIRECTION('',(1.,0.,0.));
#262 = ORIENTED_EDGE('',*,*,#263,.F.);
#263 = EDGE_CURVE('',#256,#256,#264,.T.);
#264 = CIRCLE('',#265,1.6);
#265 = AXIS2_PLACEMENT_3D('',#266,#267,#268);
#266 = CARTESIAN_POINT('',(10.05,0.,1.6));
#267 = DIRECTION('',(1.,0.,0.));
#268 = DIRECTION('',(-0.,1.,0.));
#269 = ORIENTED_EDGE('',*,*,#255,.F.);
#270 = CYLINDRICAL_SURFACE('',#271,1.6);
#271 = AXIS2_PLACEMENT_3D('',#272,#273,#274);
#272 = CARTESIAN_POINT('',(8.6,0.,1.6));
#273 = DIRECTION('',(-1.,-0.,-0.));
#274 = DIRECTION('',(0.,1.,0.));
#275 = ADVANCED_FACE('',(#276),#295,.T.);
#276 = FACE_BOUND('',#277,.T.);
#277 = EDGE_LOOP('',(#278,#286,#287,#288));
#278 = ORIENTED_EDGE('',*,*,#279,.T.);
#279 = EDGE_CURVE('',#280,#229,#282,.T.);
#280 = VERTEX_POINT('',#281);
#281 = CARTESIAN_POINT('',(0.35,-8.572527594031E-17,-3.));
#282 = LINE('',#283,#284);
#283 = CARTESIAN_POINT('',(0.35,0.,-3.));
#284 = VECTOR('',#285,1.);
#285 = DIRECTION('',(0.,0.,1.));
#286 = ORIENTED_EDGE('',*,*,#239,.F.);
#287 = ORIENTED_EDGE('',*,*,#279,.F.);
#288 = ORIENTED_EDGE('',*,*,#289,.T.);
#289 = EDGE_CURVE('',#280,#280,#290,.T.);
#290 = CIRCLE('',#291,0.35);
#291 = AXIS2_PLACEMENT_3D('',#292,#293,#294);
#292 = CARTESIAN_POINT('',(0.,0.,-3.));
#293 = DIRECTION('',(0.,0.,1.));
#294 = DIRECTION('',(1.,0.,-0.));
#295 = CYLINDRICAL_SURFACE('',#296,0.35);
#296 = AXIS2_PLACEMENT_3D('',#297,#298,#299);
#297 = CARTESIAN_POINT('',(0.,0.,-3.));
#298 = DIRECTION('',(0.,0.,1.));
#299 = DIRECTION('',(1.,0.,-0.));
#300 = ADVANCED_FACE('',(#301),#321,.T.);
#301 = FACE_BOUND('',#302,.T.);
#302 = EDGE_LOOP('',(#303,#312,#313,#314));
#303 = ORIENTED_EDGE('',*,*,#304,.F.);
#304 = EDGE_CURVE('',#256,#305,#307,.T.);
#305 = VERTEX_POINT('',#306);
#306 = CARTESIAN_POINT('',(10.85,0.8,1.6));
#307 = CIRCLE('',#308,0.8);
#308 = AXIS2_PLACEMENT_3D('',#309,#310,#311);
#309 = CARTESIAN_POINT('',(10.05,0.8,1.6));
#310 = DIRECTION('',(0.,0.,-1.));
#311 = DIRECTION('',(0.,1.,0.));
#312 = ORIENTED_EDGE('',*,*,#263,.T.);
#313 = ORIENTED_EDGE('',*,*,#304,.T.);
#314 = ORIENTED_EDGE('',*,*,#315,.F.);
#315 = EDGE_CURVE('',#305,#305,#316,.T.);
#316 = CIRCLE('',#317,0.8);
#317 = AXIS2_PLACEMENT_3D('',#318,#319,#320);
#318 = CARTESIAN_POINT('',(10.85,0.,1.6));
#319 = DIRECTION('',(1.,0.,0.));
#320 = DIRECTION('',(-0.,1.,0.));
#321 = TOROIDAL_SURFACE('',#322,0.8,0.8);
#322 = AXIS2_PLACEMENT_3D('',#323,#324,#325);
#323 = CARTESIAN_POINT('',(10.05,0.,1.6));
#324 = DIRECTION('',(1.,0.,0.));
#325 = DIRECTION('',(-0.,1.,0.));
#326 = ADVANCED_FACE('',(#327),#330,.T.);
#327 = FACE_BOUND('',#328,.F.);
#328 = EDGE_LOOP('',(#329));
#329 = ORIENTED_EDGE('',*,*,#289,.T.);
#330 = PLANE('',#331);
#331 = AXIS2_PLACEMENT_3D('',#332,#333,#334);
#332 = CARTESIAN_POINT('',(0.35,0.,-3.));
#333 = DIRECTION('',(0.,0.,-1.));
#334 = DIRECTION('',(-1.,0.,0.));
#335 = ADVANCED_FACE('',(#336,#339),#350,.F.);
#336 = FACE_BOUND('',#337,.F.);
#337 = EDGE_LOOP('',(#338));
#338 = ORIENTED_EDGE('',*,*,#315,.F.);
#339 = FACE_BOUND('',#340,.F.);
#340 = EDGE_LOOP('',(#341));
#341 = ORIENTED_EDGE('',*,*,#342,.T.);
#342 = EDGE_CURVE('',#343,#343,#345,.T.);
#343 = VERTEX_POINT('',#344);
#344 = CARTESIAN_POINT('',(10.85,0.,1.25));
#345 = CIRCLE('',#346,0.35);
#346 = AXIS2_PLACEMENT_3D('',#347,#348,#349);
#347 = CARTESIAN_POINT('',(10.85,0.,1.6));
#348 = DIRECTION('',(1.,-0.,0.));
#349 = DIRECTION('',(0.,0.,-1.));
#350 = PLANE('',#351);
#351 = AXIS2_PLACEMENT_3D('',#352,#353,#354);
#352 = CARTESIAN_POINT('',(10.85,1.6,1.6));
#353 = DIRECTION('',(-1.,0.,0.));
#354 = DIRECTION('',(0.,0.,-1.));
#355 = ADVANCED_FACE('',(#356),#375,.T.);
#356 = FACE_BOUND('',#357,.T.);
#357 = EDGE_LOOP('',(#358,#359,#367,#374));
#358 = ORIENTED_EDGE('',*,*,#342,.T.);
#359 = ORIENTED_EDGE('',*,*,#360,.T.);
#360 = EDGE_CURVE('',#343,#361,#363,.T.);
#361 = VERTEX_POINT('',#362);
#362 = CARTESIAN_POINT('',(11.65,0.,1.25));
#363 = LINE('',#364,#365);
#364 = CARTESIAN_POINT('',(1.05,0.,1.25));
#365 = VECTOR('',#366,1.);
#366 = DIRECTION('',(1.,0.,0.));
#367 = ORIENTED_EDGE('',*,*,#368,.F.);
#368 = EDGE_CURVE('',#361,#361,#369,.T.);
#369 = CIRCLE('',#370,0.35);
#370 = AXIS2_PLACEMENT_3D('',#371,#372,#373);
#371 = CARTESIAN_POINT('',(11.65,0.,1.6));
#372 = DIRECTION('',(1.,-0.,0.));
#373 = DIRECTION('',(0.,0.,-1.));
#374 = ORIENTED_EDGE('',*,*,#360,.F.);
#375 = CYLINDRICAL_SURFACE('',#376,0.35);
#376 = AXIS2_PLACEMENT_3D('',#377,#378,#379);
#377 = CARTESIAN_POINT('',(1.05,0.,1.6));
#378 = DIRECTION('',(1.,0.,0.));
#379 = DIRECTION('',(0.,0.,-1.));
#380 = ADVANCED_FACE('',(#381),#401,.T.);
#381 = FACE_BOUND('',#382,.T.);
#382 = EDGE_LOOP('',(#383,#392,#399,#400));
#383 = ORIENTED_EDGE('',*,*,#384,.T.);
#384 = EDGE_CURVE('',#361,#385,#387,.T.);
#385 = VERTEX_POINT('',#386);
#386 = CARTESIAN_POINT('',(12.35,0.,0.55));
#387 = CIRCLE('',#388,0.7);
#388 = AXIS2_PLACEMENT_3D('',#389,#390,#391);
#389 = CARTESIAN_POINT('',(11.65,1.285879139105E-16,0.55));
#390 = DIRECTION('',(0.,1.,0.));
#391 = DIRECTION('',(0.,-0.,1.));
#392 = ORIENTED_EDGE('',*,*,#393,.T.);
#393 = EDGE_CURVE('',#385,#385,#394,.T.);
#394 = CIRCLE('',#395,0.35);
#395 = AXIS2_PLACEMENT_3D('',#396,#397,#398);
#396 = CARTESIAN_POINT('',(12.7,0.,0.55));
#397 = DIRECTION('',(-1.171455364583E-15,0.,1.));
#398 = DIRECTION('',(1.,0.,1.171455364583E-15));
#399 = ORIENTED_EDGE('',*,*,#384,.F.);
#400 = ORIENTED_EDGE('',*,*,#368,.T.);
#401 = TOROIDAL_SURFACE('',#402,1.05,0.35);
#402 = AXIS2_PLACEMENT_3D('',#403,#404,#405);
#403 = CARTESIAN_POINT('',(11.65,0.,0.55));
#404 = DIRECTION('',(0.,1.,0.));
#405 = DIRECTION('',(0.,-0.,1.));
#406 = ADVANCED_FACE('',(#407),#426,.T.);
#407 = FACE_BOUND('',#408,.T.);
#408 = EDGE_LOOP('',(#409,#417,#424,#425));
#409 = ORIENTED_EDGE('',*,*,#410,.T.);
#410 = EDGE_CURVE('',#385,#411,#413,.T.);
#411 = VERTEX_POINT('',#412);
#412 = CARTESIAN_POINT('',(12.35,-8.572527594031E-17,-3.));
#413 = LINE('',#414,#415);
#414 = CARTESIAN_POINT('',(12.35,0.,0.55));
#415 = VECTOR('',#416,1.);
#416 = DIRECTION('',(0.,0.,-1.));
#417 = ORIENTED_EDGE('',*,*,#418,.F.);
#418 = EDGE_CURVE('',#411,#411,#419,.T.);
#419 = CIRCLE('',#420,0.35);
#420 = AXIS2_PLACEMENT_3D('',#421,#422,#423);
#421 = CARTESIAN_POINT('',(12.7,0.,-3.));
#422 = DIRECTION('',(0.,0.,-1.));
#423 = DIRECTION('',(-1.,0.,0.));
#424 = ORIENTED_EDGE('',*,*,#410,.F.);
#425 = ORIENTED_EDGE('',*,*,#393,.F.);
#426 = CYLINDRICAL_SURFACE('',#427,0.35);
#427 = AXIS2_PLACEMENT_3D('',#428,#429,#430);
#428 = CARTESIAN_POINT('',(12.7,0.,0.55));
#429 = DIRECTION('',(0.,0.,-1.));
#430 = DIRECTION('',(-1.,0.,0.));
#431 = ADVANCED_FACE('',(#432),#435,.F.);
#432 = FACE_BOUND('',#433,.T.);
#433 = EDGE_LOOP('',(#434));
#434 = ORIENTED_EDGE('',*,*,#418,.T.);
#435 = PLANE('',#436);
#436 = AXIS2_PLACEMENT_3D('',#437,#438,#439);
#437 = CARTESIAN_POINT('',(12.35,0.,-3.));
#438 = DIRECTION('',(0.,0.,1.));
#439 = DIRECTION('',(1.,0.,-0.));
#440 = ( GEOMETRIC_REPRESENTATION_CONTEXT(3) 
GLOBAL_UNCERTAINTY_ASSIGNED_CONTEXT((#444)) GLOBAL_UNIT_ASSIGNED_CONTEXT
((#441,#442,#443)) REPRESENTATION_CONTEXT('Context #1',
  '3D Context with UNIT and UNCERTAINTY') );
#441 = ( LENGTH_UNIT() NAMED_UNIT(*) SI_UNIT(.MILLI.,.METRE.) );
#442 = ( NAMED_UNIT(*) PLANE_ANGLE_UNIT() SI_UNIT($,.RADIAN.) );
#443 = ( NAMED_UNIT(*) SI_UNIT($,.STERADIAN.) SOLID_ANGLE_UNIT() );
#444 = UNCERTAINTY_MEASURE_WITH_UNIT(LENGTH_MEASURE(1.E-07),#441,
  'distance_accuracy_value','confusion accuracy');
#445 = CONTEXT_DEPENDENT_SHAPE_REPRESENTATION(#446,#448);
#446 = ( REPRESENTATION_RELATIONSHIP('','',#52,#10) 
REPRESENTATION_RELATIONSHIP_WITH_TRANSFORMATION(#447) 
SHAPE_REPRESENTATION_RELATIONSHIP() );
#447 = ITEM_DEFINED_TRANSFORMATION('','',#11,#15);
#448 = PRODUCT_DEFINITION_SHAPE('Placement','Placement of an item',#449
  );
#449 = NEXT_ASSEMBLY_USAGE_OCCURRENCE('1','R1','',#5,#47,$);
#450 = PRODUCT_RELATED_PRODUCT_CATEGORY('part',$,(#49));
#451 = SHAPE_DEFINITION_REPRESENTATION(#452,#458);
#452 = PRODUCT_DEFINITION_SHAPE('','',#453);
#453 = PRODUCT_DEFINITION('design','',#454,#457);
#454 = PRODUCT_DEFINITION_FORMATION('','',#455);
#455 = PRODUCT('LED_D5.0mm','LED_D5.0mm','',(#456));
#456 = PRODUCT_CONTEXT('',#2,'mechanical');
#457 = PRODUCT_DEFINITION_CONTEXT('part definition',#2,'design');
#458 = ADVANCED_BREP_SHAPE_REPRESENTATION('',(#11,#459),#884);
#459 = MANIFOLD_SOLID_BREP('',#460);
#460 = CLOSED_SHELL('',(#461,#488,#513,#541,#573,#590,#668,#699,#723,
    #747,#764,#795,#819,#843,#860,#872));
#461 = ADVANCED_FACE('',(#462),#483,.T.);
#462 = FACE_BOUND('',#463,.T.);
#463 = EDGE_LOOP('',(#464,#475,#476));
#464 = ORIENTED_EDGE('',*,*,#465,.T.);
#465 = EDGE_CURVE('',#466,#468,#470,.T.);
#466 = VERTEX_POINT('',#467);
#467 = CARTESIAN_POINT('',(3.72,6.095124405192E-15,9.15));
#468 = VERTEX_POINT('',#469);
#469 = CARTESIAN_POINT('',(1.27,7.727152251391E-15,11.6));
#470 = CIRCLE('',#471,2.45);
#471 = AXIS2_PLACEMENT_3D('',#472,#473,#474);
#472 = CARTESIAN_POINT('',(1.27,6.095124405192E-15,9.15));
#473 = DIRECTION('',(0.,-1.,6.661338147751E-16));
#474 = DIRECTION('',(1.,0.,0.));
#475 = ORIENTED_EDGE('',*,*,#465,.F.);
#476 = ORIENTED_EDGE('',*,*,#477,.F.);
#477 = EDGE_CURVE('',#466,#466,#478,.T.);
#478 = CIRCLE('',#479,2.45);
#479 = AXIS2_PLACEMENT_3D('',#480,#481,#482);
#480 = CARTESIAN_POINT('',(1.27,4.063416270128E-15,9.15));
#481 = DIRECTION('',(-4.379057701015E-47,-4.440892098501E-16,-1.));
#482 = DIRECTION('',(1.,8.292686265567E-16,-3.68269249121E-31));
#483 = SPHERICAL_SURFACE('',#484,2.45);
#484 = AXIS2_PLACEMENT_3D('',#485,#486,#487);
#485 = CARTESIAN_POINT('',(1.27,6.095124405192E-15,9.15));
#486 = DIRECTION('',(0.,4.440892098501E-16,1.));
#487 = DIRECTION('',(1.,1.394807543452E-15,-6.194189798646E-31));
#488 = ADVANCED_FACE('',(#489),#508,.T.);
#489 = FACE_BOUND('',#490,.T.);
#490 = EDGE_LOOP('',(#491,#499,#500,#501));
#491 = ORIENTED_EDGE('',*,*,#492,.F.);
#492 = EDGE_CURVE('',#466,#493,#495,.T.);
#493 = VERTEX_POINT('',#494);
#494 = CARTESIAN_POINT('',(3.72,2.6645352591E-15,4.));
#495 = LINE('',#496,#497);
#496 = CARTESIAN_POINT('',(3.72,6.095124405192E-15,9.15));
#497 = VECTOR('',#498,1.);
#498 = DIRECTION('',(0.,-6.661338147751E-16,-1.));
#499 = ORIENTED_EDGE('',*,*,#477,.T.);
#500 = ORIENTED_EDGE('',*,*,#492,.T.);
#501 = ORIENTED_EDGE('',*,*,#502,.F.);
#502 = EDGE_CURVE('',#493,#493,#503,.T.);
#503 = CIRCLE('',#504,2.45);
#504 = AXIS2_PLACEMENT_3D('',#505,#506,#507);
#505 = CARTESIAN_POINT('',(1.27,1.7763568394E-15,4.));
#506 = DIRECTION('',(-2.189528850508E-47,-4.440892098501E-16,-1.));
#507 = DIRECTION('',(1.,3.625218039592E-16,-1.609920214737E-31));
#508 = CYLINDRICAL_SURFACE('',#509,2.45);
#509 = AXIS2_PLACEMENT_3D('',#510,#511,#512);
#510 = CARTESIAN_POINT('',(1.27,4.063416270128E-15,9.15));
#511 = DIRECTION('',(0.,-4.440892098501E-16,-1.));
#512 = DIRECTION('',(1.,8.292686265567E-16,-3.68269249121E-31));
#513 = ADVANCED_FACE('',(#514,#533),#536,.F.);
#514 = FACE_BOUND('',#515,.F.);
#515 = EDGE_LOOP('',(#516,#527));
#516 = ORIENTED_EDGE('',*,*,#517,.F.);
#517 = EDGE_CURVE('',#518,#520,#522,.T.);
#518 = VERTEX_POINT('',#519);
#519 = CARTESIAN_POINT('',(-1.229999999999,-1.46969384567,4.));
#520 = VERTEX_POINT('',#521);
#521 = CARTESIAN_POINT('',(-1.23,1.469693845669,4.));
#522 = CIRCLE('',#523,2.9);
#523 = AXIS2_PLACEMENT_3D('',#524,#525,#526);
#524 = CARTESIAN_POINT('',(1.27,0.,4.));
#525 = DIRECTION('',(0.,0.,1.));
#526 = DIRECTION('',(1.,0.,-0.));
#527 = ORIENTED_EDGE('',*,*,#528,.T.);
#528 = EDGE_CURVE('',#518,#520,#529,.T.);
#529 = LINE('',#530,#531);
#530 = CARTESIAN_POINT('',(-1.229999999999,-1.46969384567,4.));
#531 = VECTOR('',#532,1.);
#532 = DIRECTION('',(0.,1.,0.));
#533 = FACE_BOUND('',#534,.F.);
#534 = EDGE_LOOP('',(#535));
#535 = ORIENTED_EDGE('',*,*,#502,.F.);
#536 = PLANE('',#537);
#537 = AXIS2_PLACEMENT_3D('',#538,#539,#540);
#538 = CARTESIAN_POINT('',(-1.229999999999,-1.469693845671,4.));
#539 = DIRECTION('',(0.,0.,-1.));
#540 = DIRECTION('',(-1.,0.,0.));
#541 = ADVANCED_FACE('',(#542),#568,.T.);
#542 = FACE_BOUND('',#543,.T.);
#543 = EDGE_LOOP('',(#544,#555,#561,#562));
#544 = ORIENTED_EDGE('',*,*,#545,.T.);
#545 = EDGE_CURVE('',#546,#548,#550,.T.);
#546 = VERTEX_POINT('',#547);
#547 = CARTESIAN_POINT('',(-1.229999999999,-1.46969384567,3.));
#548 = VERTEX_POINT('',#549);
#549 = CARTESIAN_POINT('',(-1.23,1.469693845669,3.));
#550 = CIRCLE('',#551,2.9);
#551 = AXIS2_PLACEMENT_3D('',#552,#553,#554);
#552 = CARTESIAN_POINT('',(1.27,0.,3.));
#553 = DIRECTION('',(0.,0.,1.));
#554 = DIRECTION('',(1.,0.,-0.));
#555 = ORIENTED_EDGE('',*,*,#556,.T.);
#556 = EDGE_CURVE('',#548,#520,#557,.T.);
#557 = LINE('',#558,#559);
#558 = CARTESIAN_POINT('',(-1.23,1.469693845669,3.));
#559 = VECTOR('',#560,1.);
#560 = DIRECTION('',(0.,0.,1.));
#561 = ORIENTED_EDGE('',*,*,#517,.F.);
#562 = ORIENTED_EDGE('',*,*,#563,.F.);
#563 = EDGE_CURVE('',#546,#518,#564,.T.);
#564 = LINE('',#565,#566);
#565 = CARTESIAN_POINT('',(-1.229999999999,-1.46969384567,3.));
#566 = VECTOR('',#567,1.);
#567 = DIRECTION('',(0.,0.,1.));
#568 = CYLINDRICAL_SURFACE('',#569,2.9);
#569 = AXIS2_PLACEMENT_3D('',#570,#571,#572);
#570 = CARTESIAN_POINT('',(1.27,0.,3.));
#571 = DIRECTION('',(-0.,-0.,-1.));
#572 = DIRECTION('',(1.,0.,0.));
#573 = ADVANCED_FACE('',(#574),#585,.T.);
#574 = FACE_BOUND('',#575,.T.);
#575 = EDGE_LOOP('',(#576,#577,#578,#579));
#576 = ORIENTED_EDGE('',*,*,#563,.T.);
#577 = ORIENTED_EDGE('',*,*,#528,.T.);
#578 = ORIENTED_EDGE('',*,*,#556,.F.);
#579 = ORIENTED_EDGE('',*,*,#580,.F.);
#580 = EDGE_CURVE('',#546,#548,#581,.T.);
#581 = LINE('',#582,#583);
#582 = CARTESIAN_POINT('',(-1.229999999999,-1.46969384567,3.));
#583 = VECTOR('',#584,1.);
#584 = DIRECTION('',(0.,1.,0.));
#585 = PLANE('',#586);
#586 = AXIS2_PLACEMENT_3D('',#587,#588,#589);
#587 = CARTESIAN_POINT('',(-1.229999999999,-1.46969384567,3.));
#588 = DIRECTION('',(-1.,0.,0.));
#589 = DIRECTION('',(0.,1.,0.));
#590 = ADVANCED_FACE('',(#591,#595,#629),#663,.T.);
#591 = FACE_BOUND('',#592,.T.);
#592 = EDGE_LOOP('',(#593,#594));
#593 = ORIENTED_EDGE('',*,*,#545,.F.);
#594 = ORIENTED_EDGE('',*,*,#580,.T.);
#595 = FACE_BOUND('',#596,.T.);
#596 = EDGE_LOOP('',(#597,#607,#615,#623));
#597 = ORIENTED_EDGE('',*,*,#598,.T.);
#598 = EDGE_CURVE('',#599,#601,#603,.T.);
#599 = VERTEX_POINT('',#600);
#600 = CARTESIAN_POINT('',(-0.2,-0.2,3.));
#601 = VERTEX_POINT('',#602);
#602 = CARTESIAN_POINT('',(0.2,-0.2,3.));
#603 = LINE('',#604,#605);
#604 = CARTESIAN_POINT('',(-0.515,-0.2,3.));
#605 = VECTOR('',#606,1.);
#606 = DIRECTION('',(1.,0.,0.));
#607 = ORIENTED_EDGE('',*,*,#608,.T.);
#608 = EDGE_CURVE('',#601,#609,#611,.T.);
#609 = VERTEX_POINT('',#610);
#610 = CARTESIAN_POINT('',(0.2,0.2,3.));
#611 = LINE('',#612,#613);
#612 = CARTESIAN_POINT('',(0.2,-0.634846922835,3.));
#613 = VECTOR('',#614,1.);
#614 = DIRECTION('',(0.,1.,0.));
#615 = ORIENTED_EDGE('',*,*,#616,.T.);
#616 = EDGE_CURVE('',#609,#617,#619,.T.);
#617 = VERTEX_POINT('',#618);
#618 = CARTESIAN_POINT('',(-0.2,0.2,3.));
#619 = LINE('',#620,#621);
#620 = CARTESIAN_POINT('',(-0.715,0.2,3.));
#621 = VECTOR('',#622,1.);
#622 = DIRECTION('',(-1.,-0.,-0.));
#623 = ORIENTED_EDGE('',*,*,#624,.T.);
#624 = EDGE_CURVE('',#617,#599,#625,.T.);
#625 = LINE('',#626,#627);
#626 = CARTESIAN_POINT('',(-0.2,-0.834846922835,3.));
#627 = VECTOR('',#628,1.);
#628 = DIRECTION('',(0.,-1.,0.));
#629 = FACE_BOUND('',#630,.T.);
#630 = EDGE_LOOP('',(#631,#641,#649,#657));
#631 = ORIENTED_EDGE('',*,*,#632,.T.);
#632 = EDGE_CURVE('',#633,#635,#637,.T.);
#633 = VERTEX_POINT('',#634);
#634 = CARTESIAN_POINT('',(2.34,0.2,3.));
#635 = VERTEX_POINT('',#636);
#636 = CARTESIAN_POINT('',(2.34,-0.2,3.));
#637 = LINE('',#638,#639);
#638 = CARTESIAN_POINT('',(2.34,-0.834846922835,3.));
#639 = VECTOR('',#640,1.);
#640 = DIRECTION('',(0.,-1.,0.));
#641 = ORIENTED_EDGE('',*,*,#642,.T.);
#642 = EDGE_CURVE('',#635,#643,#645,.T.);
#643 = VERTEX_POINT('',#644);
#644 = CARTESIAN_POINT('',(2.74,-0.2,3.));
#645 = LINE('',#646,#647);
#646 = CARTESIAN_POINT('',(0.755,-0.2,3.));
#647 = VECTOR('',#648,1.);
#648 = DIRECTION('',(1.,0.,0.));
#649 = ORIENTED_EDGE('',*,*,#650,.T.);
#650 = EDGE_CURVE('',#643,#651,#653,.T.);
#651 = VERTEX_POINT('',#652);
#652 = CARTESIAN_POINT('',(2.74,0.2,3.));
#653 = LINE('',#654,#655);
#654 = CARTESIAN_POINT('',(2.74,-0.634846922835,3.));
#655 = VECTOR('',#656,1.);
#656 = DIRECTION('',(0.,1.,0.));
#657 = ORIENTED_EDGE('',*,*,#658,.T.);
#658 = EDGE_CURVE('',#651,#633,#659,.T.);
#659 = LINE('',#660,#661);
#660 = CARTESIAN_POINT('',(0.555,0.2,3.));
#661 = VECTOR('',#662,1.);
#662 = DIRECTION('',(-1.,-0.,-0.));
#663 = PLANE('',#664);
#664 = AXIS2_PLACEMENT_3D('',#665,#666,#667);
#665 = CARTESIAN_POINT('',(-1.229999999999,-1.469693845671,3.));
#666 = DIRECTION('',(0.,0.,-1.));
#667 = DIRECTION('',(-1.,0.,0.));
#668 = ADVANCED_FACE('',(#669),#694,.F.);
#669 = FACE_BOUND('',#670,.F.);
#670 = EDGE_LOOP('',(#671,#672,#680,#688));
#671 = ORIENTED_EDGE('',*,*,#598,.T.);
#672 = ORIENTED_EDGE('',*,*,#673,.T.);
#673 = EDGE_CURVE('',#601,#674,#676,.T.);
#674 = VERTEX_POINT('',#675);
#675 = CARTESIAN_POINT('',(0.2,-0.2,-2.5));
#676 = LINE('',#677,#678);
#677 = CARTESIAN_POINT('',(0.2,-0.2,3.5));
#678 = VECTOR('',#679,1.);
#679 = DIRECTION('',(-0.,-0.,-1.));
#680 = ORIENTED_EDGE('',*,*,#681,.T.);
#681 = EDGE_CURVE('',#674,#682,#684,.T.);
#682 = VERTEX_POINT('',#683);
#683 = CARTESIAN_POINT('',(-0.2,-0.2,-2.5));
#684 = LINE('',#685,#686);
#685 = CARTESIAN_POINT('',(0.2,-0.2,-2.5));
#686 = VECTOR('',#687,1.);
#687 = DIRECTION('',(-1.,0.,0.));
#688 = ORIENTED_EDGE('',*,*,#689,.F.);
#689 = EDGE_CURVE('',#599,#682,#690,.T.);
#690 = LINE('',#691,#692);
#691 = CARTESIAN_POINT('',(-0.2,-0.2,3.5));
#692 = VECTOR('',#693,1.);
#693 = DIRECTION('',(-0.,-0.,-1.));
#694 = PLANE('',#695);
#695 = AXIS2_PLACEMENT_3D('',#696,#697,#698);
#696 = CARTESIAN_POINT('',(0.2,-0.2,3.5));
#697 = DIRECTION('',(0.,1.,0.));
#698 = DIRECTION('',(-1.,0.,0.));
#699 = ADVANCED_FACE('',(#700),#718,.F.);
#700 = FACE_BOUND('',#701,.F.);
#701 = EDGE_LOOP('',(#702,#703,#704,#712));
#702 = ORIENTED_EDGE('',*,*,#624,.T.);
#703 = ORIENTED_EDGE('',*,*,#689,.T.);
#704 = ORIENTED_EDGE('',*,*,#705,.T.);
#705 = EDGE_CURVE('',#682,#706,#708,.T.);
#706 = VERTEX_POINT('',#707);
#707 = CARTESIAN_POINT('',(-0.2,0.2,-2.5));
#708 = LINE('',#709,#710);
#709 = CARTESIAN_POINT('',(-0.2,-0.2,-2.5));
#710 = VECTOR('',#711,1.);
#711 = DIRECTION('',(0.,1.,0.));
#712 = ORIENTED_EDGE('',*,*,#713,.F.);
#713 = EDGE_CURVE('',#617,#706,#714,.T.);
#714 = LINE('',#715,#716);
#715 = CARTESIAN_POINT('',(-0.2,0.2,3.5));
#716 = VECTOR('',#717,1.);
#717 = DIRECTION('',(-0.,-0.,-1.));
#718 = PLANE('',#719);
#719 = AXIS2_PLACEMENT_3D('',#720,#721,#722);
#720 = CARTESIAN_POINT('',(-0.2,-0.2,3.5));
#721 = DIRECTION('',(1.,0.,0.));
#722 = DIRECTION('',(-0.,1.,0.));
#723 = ADVANCED_FACE('',(#724),#742,.F.);
#724 = FACE_BOUND('',#725,.F.);
#725 = EDGE_LOOP('',(#726,#727,#728,#736));
#726 = ORIENTED_EDGE('',*,*,#616,.T.);
#727 = ORIENTED_EDGE('',*,*,#713,.T.);
#728 = ORIENTED_EDGE('',*,*,#729,.T.);
#729 = EDGE_CURVE('',#706,#730,#732,.T.);
#730 = VERTEX_POINT('',#731);
#731 = CARTESIAN_POINT('',(0.2,0.2,-2.5));
#732 = LINE('',#733,#734);
#733 = CARTESIAN_POINT('',(-0.2,0.2,-2.5));
#734 = VECTOR('',#735,1.);
#735 = DIRECTION('',(1.,0.,0.));
#736 = ORIENTED_EDGE('',*,*,#737,.F.);
#737 = EDGE_CURVE('',#609,#730,#738,.T.);
#738 = LINE('',#739,#740);
#739 = CARTESIAN_POINT('',(0.2,0.2,3.5));
#740 = VECTOR('',#741,1.);
#741 = DIRECTION('',(-0.,-0.,-1.));
#742 = PLANE('',#743);
#743 = AXIS2_PLACEMENT_3D('',#744,#745,#746);
#744 = CARTESIAN_POINT('',(-0.2,0.2,3.5));
#745 = DIRECTION('',(0.,-1.,0.));
#746 = DIRECTION('',(1.,0.,0.));
#747 = ADVANCED_FACE('',(#748),#759,.F.);
#748 = FACE_BOUND('',#749,.F.);
#749 = EDGE_LOOP('',(#750,#751,#752,#758));
#750 = ORIENTED_EDGE('',*,*,#608,.T.);
#751 = ORIENTED_EDGE('',*,*,#737,.T.);
#752 = ORIENTED_EDGE('',*,*,#753,.T.);
#753 = EDGE_CURVE('',#730,#674,#754,.T.);
#754 = LINE('',#755,#756);
#755 = CARTESIAN_POINT('',(0.2,0.2,-2.5));
#756 = VECTOR('',#757,1.);
#757 = DIRECTION('',(0.,-1.,0.));
#758 = ORIENTED_EDGE('',*,*,#673,.F.);
#759 = PLANE('',#760);
#760 = AXIS2_PLACEMENT_3D('',#761,#762,#763);
#761 = CARTESIAN_POINT('',(0.2,0.2,3.5));
#762 = DIRECTION('',(-1.,0.,0.));
#763 = DIRECTION('',(0.,-1.,0.));
#764 = ADVANCED_FACE('',(#765),#790,.F.);
#765 = FACE_BOUND('',#766,.F.);
#766 = EDGE_LOOP('',(#767,#768,#776,#784));
#767 = ORIENTED_EDGE('',*,*,#632,.T.);
#768 = ORIENTED_EDGE('',*,*,#769,.T.);
#769 = EDGE_CURVE('',#635,#770,#772,.T.);
#770 = VERTEX_POINT('',#771);
#771 = CARTESIAN_POINT('',(2.34,-0.2,-2.5));
#772 = LINE('',#773,#774);
#773 = CARTESIAN_POINT('',(2.34,-0.2,3.5));
#774 = VECTOR('',#775,1.);
#775 = DIRECTION('',(-0.,-0.,-1.));
#776 = ORIENTED_EDGE('',*,*,#777,.T.);
#777 = EDGE_CURVE('',#770,#778,#780,.T.);
#778 = VERTEX_POINT('',#779);
#779 = CARTESIAN_POINT('',(2.34,0.2,-2.5));
#780 = LINE('',#781,#782);
#781 = CARTESIAN_POINT('',(2.34,-0.2,-2.5));
#782 = VECTOR('',#783,1.);
#783 = DIRECTION('',(0.,1.,0.));
#784 = ORIENTED_EDGE('',*,*,#785,.F.);
#785 = EDGE_CURVE('',#633,#778,#786,.T.);
#786 = LINE('',#787,#788);
#787 = CARTESIAN_POINT('',(2.34,0.2,3.5));
#788 = VECTOR('',#789,1.);
#789 = DIRECTION('',(-0.,-0.,-1.));
#790 = PLANE('',#791);
#791 = AXIS2_PLACEMENT_3D('',#792,#793,#794);
#792 = CARTESIAN_POINT('',(2.34,-0.2,3.5));
#793 = DIRECTION('',(1.,0.,0.));
#794 = DIRECTION('',(-0.,1.,0.));
#795 = ADVANCED_FACE('',(#796),#814,.F.);
#796 = FACE_BOUND('',#797,.F.);
#797 = EDGE_LOOP('',(#798,#799,#800,#808));
#798 = ORIENTED_EDGE('',*,*,#658,.T.);
#799 = ORIENTED_EDGE('',*,*,#785,.T.);
#800 = ORIENTED_EDGE('',*,*,#801,.T.);
#801 = EDGE_CURVE('',#778,#802,#804,.T.);
#802 = VERTEX_POINT('',#803);
#803 = CARTESIAN_POINT('',(2.74,0.2,-2.5));
#804 = LINE('',#805,#806);
#805 = CARTESIAN_POINT('',(2.34,0.2,-2.5));
#806 = VECTOR('',#807,1.);
#807 = DIRECTION('',(1.,0.,0.));
#808 = ORIENTED_EDGE('',*,*,#809,.F.);
#809 = EDGE_CURVE('',#651,#802,#810,.T.);
#810 = LINE('',#811,#812);
#811 = CARTESIAN_POINT('',(2.74,0.2,3.5));
#812 = VECTOR('',#813,1.);
#813 = DIRECTION('',(-0.,-0.,-1.));
#814 = PLANE('',#815);
#815 = AXIS2_PLACEMENT_3D('',#816,#817,#818);
#816 = CARTESIAN_POINT('',(2.34,0.2,3.5));
#817 = DIRECTION('',(0.,-1.,0.));
#818 = DIRECTION('',(1.,0.,0.));
#819 = ADVANCED_FACE('',(#820),#838,.F.);
#820 = FACE_BOUND('',#821,.F.);
#821 = EDGE_LOOP('',(#822,#823,#824,#832));
#822 = ORIENTED_EDGE('',*,*,#650,.T.);
#823 = ORIENTED_EDGE('',*,*,#809,.T.);
#824 = ORIENTED_EDGE('',*,*,#825,.T.);
#825 = EDGE_CURVE('',#802,#826,#828,.T.);
#826 = VERTEX_POINT('',#827);
#827 = CARTESIAN_POINT('',(2.74,-0.2,-2.5));
#828 = LINE('',#829,#830);
#829 = CARTESIAN_POINT('',(2.74,0.2,-2.5));
#830 = VECTOR('',#831,1.);
#831 = DIRECTION('',(0.,-1.,0.));
#832 = ORIENTED_EDGE('',*,*,#833,.F.);
#833 = EDGE_CURVE('',#643,#826,#834,.T.);
#834 = LINE('',#835,#836);
#835 = CARTESIAN_POINT('',(2.74,-0.2,3.5));
#836 = VECTOR('',#837,1.);
#837 = DIRECTION('',(-0.,-0.,-1.));
#838 = PLANE('',#839);
#839 = AXIS2_PLACEMENT_3D('',#840,#841,#842);
#840 = CARTESIAN_POINT('',(2.74,0.2,3.5));
#841 = DIRECTION('',(-1.,0.,0.));
#842 = DIRECTION('',(0.,-1.,0.));
#843 = ADVANCED_FACE('',(#844),#855,.F.);
#844 = FACE_BOUND('',#845,.F.);
#845 = EDGE_LOOP('',(#846,#847,#848,#854));
#846 = ORIENTED_EDGE('',*,*,#642,.T.);
#847 = ORIENTED_EDGE('',*,*,#833,.T.);
#848 = ORIENTED_EDGE('',*,*,#849,.T.);
#849 = EDGE_CURVE('',#826,#770,#850,.T.);
#850 = LINE('',#851,#852);
#851 = CARTESIAN_POINT('',(2.74,-0.2,-2.5));
#852 = VECTOR('',#853,1.);
#853 = DIRECTION('',(-1.,0.,0.));
#854 = ORIENTED_EDGE('',*,*,#769,.F.);
#855 = PLANE('',#856);
#856 = AXIS2_PLACEMENT_3D('',#857,#858,#859);
#857 = CARTESIAN_POINT('',(2.74,-0.2,3.5));
#858 = DIRECTION('',(0.,1.,0.));
#859 = DIRECTION('',(-1.,0.,0.));
#860 = ADVANCED_FACE('',(#861),#867,.F.);
#861 = FACE_BOUND('',#862,.T.);
#862 = EDGE_LOOP('',(#863,#864,#865,#866));
#863 = ORIENTED_EDGE('',*,*,#729,.T.);
#864 = ORIENTED_EDGE('',*,*,#753,.T.);
#865 = ORIENTED_EDGE('',*,*,#681,.T.);
#866 = ORIENTED_EDGE('',*,*,#705,.T.);
#867 = PLANE('',#868);
#868 = AXIS2_PLACEMENT_3D('',#869,#870,#871);
#869 = CARTESIAN_POINT('',(-0.2,0.2,-2.5));
#870 = DIRECTION('',(0.,0.,1.));
#871 = DIRECTION('',(1.,0.,-0.));
#872 = ADVANCED_FACE('',(#873),#879,.F.);
#873 = FACE_BOUND('',#874,.T.);
#874 = EDGE_LOOP('',(#875,#876,#877,#878));
#875 = ORIENTED_EDGE('',*,*,#801,.T.);
#876 = ORIENTED_EDGE('',*,*,#825,.T.);
#877 = ORIENTED_EDGE('',*,*,#849,.T.);
#878 = ORIENTED_EDGE('',*,*,#777,.T.);
#879 = PLANE('',#880);
#880 = AXIS2_PLACEMENT_3D('',#881,#882,#883);
#881 = CARTESIAN_POINT('',(2.34,0.2,-2.5));
#882 = DIRECTION('',(0.,0.,1.));
#883 = DIRECTION('',(1.,0.,-0.));
#884 = ( GEOMETRIC_REPRESENTATION_CONTEXT(3) 
GLOBAL_UNCERTAINTY_ASSIGNED_CONTEXT((#888)) GLOBAL_UNIT_ASSIGNED_CONTEXT
((#885,#886,#887)) REPRESENTATION_CONTEXT('Context #1',
  '3D Context with UNIT and UNCERTAINTY') );
#885 = ( LENGTH_UNIT() NAMED_UNIT(*) SI_UNIT(.MILLI.,.METRE.) );
#886 = ( NAMED_UNIT(*) PLANE_ANGLE_UNIT() SI_UNIT($,.RADIAN.) );
#887 = ( NAMED_UNIT(*) SI_UNIT($,.STERADIAN.) SOLID_ANGLE_UNIT() );
#888 = UNCERTAINTY_MEASURE_WITH_UNIT(LENGTH_MEASURE(1.E-07),#885,
  'distance_accuracy_value','confusion accuracy');
#889 = CONTEXT_DEPENDENT_SHAPE_REPRESENTATION(#890,#892);
#890 = ( REPRESENTATION_RELATIONSHIP('','',#458,#10) 
REPRESENTATION_RELATIONSHIP_WITH_TRANSFORMATION(#891) 
SHAPE_REPRESENTATION_RELATIONSHIP() );
#891 = ITEM_DEFINED_TRANSFORMATION('','',#11,#19);
#892 = PRODUCT_DEFINITION_SHAPE('Placement','Placement of an item',#893
  );
#893 = NEXT_ASSEMBLY_USAGE_OCCURRENCE('2','D2','',#5,#453,$);
#894 = PRODUCT_RELATED_PRODUCT_CATEGORY('part',$,(#455));
#895 = SHAPE_DEFINITION_REPRESENTATION(#896,#902);
#896 = PRODUCT_DEFINITION_SHAPE('','',#897);
#897 = PRODUCT_DEFINITION('design','',#898,#901);
#898 = PRODUCT_DEFINITION_FORMATION('','',#899);
#899 = PRODUCT('PinHeader_1x02_P2.54mm_Vertical',
  'PinHeader_1x02_P2.54mm_Vertical','',(#900));
#900 = PRODUCT_CONTEXT('',#2,'mechanical');
#901 = PRODUCT_DEFINITION_CONTEXT('part definition',#2,'design');
#902 = ADVANCED_BREP_SHAPE_REPRESENTATION('',(#11,#903),#2335);
#903 = MANIFOLD_SOLID_BREP('',#904);
#904 = CLOSED_SHELL('',(#905,#945,#976,#1007,#1172,#1337,#1354,#1371,
    #1388,#1405,#1422,#1439,#1456,#1473,#1490,#1507,#1519,#1550,#1574,
    #1598,#1615,#1646,#1670,#1694,#1711,#1742,#1766,#1790,#1807,#1838,
    #1862,#1886,#1903,#1934,#1958,#1982,#1999,#2030,#2054,#2078,#2095,
    #2126,#2150,#2174,#2191,#2222,#2246,#2270,#2287,#2299,#2311,#2323));
#905 = ADVANCED_FACE('',(#906),#940,.F.);
#906 = FACE_BOUND('',#907,.F.);
#907 = EDGE_LOOP('',(#908,#918,#926,#934));
#908 = ORIENTED_EDGE('',*,*,#909,.T.);
#909 = EDGE_CURVE('',#910,#912,#914,.T.);
#910 = VERTEX_POINT('',#911);
#911 = CARTESIAN_POINT('',(-1.016,1.27,0.));
#912 = VERTEX_POINT('',#913);
#913 = CARTESIAN_POINT('',(-1.016,1.27,2.54));
#914 = LINE('',#915,#916);
#915 = CARTESIAN_POINT('',(-1.016,1.27,0.));
#916 = VECTOR('',#917,1.);
#917 = DIRECTION('',(0.,0.,1.));
#918 = ORIENTED_EDGE('',*,*,#919,.T.);
#919 = EDGE_CURVE('',#912,#920,#922,.T.);
#920 = VERTEX_POINT('',#921);
#921 = CARTESIAN_POINT('',(-1.27,1.016,2.54));
#922 = LINE('',#923,#924);
#923 = CARTESIAN_POINT('',(-1.016,1.27,2.54));
#924 = VECTOR('',#925,1.);
#925 = DIRECTION('',(-0.707106781187,-0.707106781187,0.));
#926 = ORIENTED_EDGE('',*,*,#927,.F.);
#927 = EDGE_CURVE('',#928,#920,#930,.T.);
#928 = VERTEX_POINT('',#929);
#929 = CARTESIAN_POINT('',(-1.27,1.016,0.));
#930 = LINE('',#931,#932);
#931 = CARTESIAN_POINT('',(-1.27,1.016,0.));
#932 = VECTOR('',#933,1.);
#933 = DIRECTION('',(0.,0.,1.));
#934 = ORIENTED_EDGE('',*,*,#935,.F.);
#935 = EDGE_CURVE('',#910,#928,#936,.T.);
#936 = LINE('',#937,#938);
#937 = CARTESIAN_POINT('',(-1.016,1.27,0.));
#938 = VECTOR('',#939,1.);
#939 = DIRECTION('',(-0.707106781187,-0.707106781187,0.));
#940 = PLANE('',#941);
#941 = AXIS2_PLACEMENT_3D('',#942,#943,#944);
#942 = CARTESIAN_POINT('',(-1.016,1.27,0.));
#943 = DIRECTION('',(0.707106781187,-0.707106781187,0.));
#944 = DIRECTION('',(-0.707106781187,-0.707106781187,0.));
#945 = ADVANCED_FACE('',(#946),#971,.F.);
#946 = FACE_BOUND('',#947,.F.);
#947 = EDGE_LOOP('',(#948,#958,#964,#965));
#948 = ORIENTED_EDGE('',*,*,#949,.T.);
#949 = EDGE_CURVE('',#950,#952,#954,.T.);
#950 = VERTEX_POINT('',#951);
#951 = CARTESIAN_POINT('',(1.016,1.27,0.));
#952 = VERTEX_POINT('',#953);
#953 = CARTESIAN_POINT('',(1.016,1.27,2.54));
#954 = LINE('',#955,#956);
#955 = CARTESIAN_POINT('',(1.016,1.27,0.));
#956 = VECTOR('',#957,1.);
#957 = DIRECTION('',(0.,0.,1.));
#958 = ORIENTED_EDGE('',*,*,#959,.T.);
#959 = EDGE_CURVE('',#952,#912,#960,.T.);
#960 = LINE('',#961,#962);
#961 = CARTESIAN_POINT('',(1.016,1.27,2.54));
#962 = VECTOR('',#963,1.);
#963 = DIRECTION('',(-1.,0.,0.));
#964 = ORIENTED_EDGE('',*,*,#909,.F.);
#965 = ORIENTED_EDGE('',*,*,#966,.F.);
#966 = EDGE_CURVE('',#950,#910,#967,.T.);
#967 = LINE('',#968,#969);
#968 = CARTESIAN_POINT('',(1.016,1.27,0.));
#969 = VECTOR('',#970,1.);
#970 = DIRECTION('',(-1.,0.,0.));
#971 = PLANE('',#972);
#972 = AXIS2_PLACEMENT_3D('',#973,#974,#975);
#973 = CARTESIAN_POINT('',(1.016,1.27,0.));
#974 = DIRECTION('',(0.,-1.,0.));
#975 = DIRECTION('',(-1.,0.,0.));
#976 = ADVANCED_FACE('',(#977),#1002,.F.);
#977 = FACE_BOUND('',#978,.F.);
#978 = EDGE_LOOP('',(#979,#980,#988,#996));
#979 = ORIENTED_EDGE('',*,*,#927,.T.);
#980 = ORIENTED_EDGE('',*,*,#981,.T.);
#981 = EDGE_CURVE('',#920,#982,#984,.T.);
#982 = VERTEX_POINT('',#983);
#983 = CARTESIAN_POINT('',(-1.27,-1.016,2.54));
#984 = LINE('',#985,#986);
#985 = CARTESIAN_POINT('',(-1.27,1.016,2.54));
#986 = VECTOR('',#987,1.);
#987 = DIRECTION('',(0.,-1.,0.));
#988 = ORIENTED_EDGE('',*,*,#989,.F.);
#989 = EDGE_CURVE('',#990,#982,#992,.T.);
#990 = VERTEX_POINT('',#991);
#991 = CARTESIAN_POINT('',(-1.27,-1.016,0.));
#992 = LINE('',#993,#994);
#993 = CARTESIAN_POINT('',(-1.27,-1.016,0.));
#994 = VECTOR('',#995,1.);
#995 = DIRECTION('',(0.,0.,1.));
#996 = ORIENTED_EDGE('',*,*,#997,.F.);
#997 = EDGE_CURVE('',#928,#990,#998,.T.);
#998 = LINE('',#999,#1000);
#999 = CARTESIAN_POINT('',(-1.27,1.016,0.));
#1000 = VECTOR('',#1001,1.);
#1001 = DIRECTION('',(0.,-1.,0.));
#1002 = PLANE('',#1003);
#1003 = AXIS2_PLACEMENT_3D('',#1004,#1005,#1006);
#1004 = CARTESIAN_POINT('',(-1.27,1.016,0.));
#1005 = DIRECTION('',(1.,0.,0.));
#1006 = DIRECTION('',(0.,-1.,0.));
#1007 = ADVANCED_FACE('',(#1008,#1099,#1133),#1167,.F.);
#1008 = FACE_BOUND('',#1009,.F.);
#1009 = EDGE_LOOP('',(#1010,#1011,#1012,#1020,#1028,#1036,#1044,#1052,
    #1060,#1068,#1076,#1084,#1092,#1098));
#1010 = ORIENTED_EDGE('',*,*,#935,.T.);
#1011 = ORIENTED_EDGE('',*,*,#997,.T.);
#1012 = ORIENTED_EDGE('',*,*,#1013,.T.);
#1013 = EDGE_CURVE('',#990,#1014,#1016,.T.);
#1014 = VERTEX_POINT('',#1015);
#1015 = CARTESIAN_POINT('',(-1.016,-1.27,0.));
#1016 = LINE('',#1017,#1018);
#1017 = CARTESIAN_POINT('',(-1.27,-1.016,0.));
#1018 = VECTOR('',#1019,1.);
#1019 = DIRECTION('',(0.707106781187,-0.707106781187,0.));
#1020 = ORIENTED_EDGE('',*,*,#1021,.T.);
#1021 = EDGE_CURVE('',#1014,#1022,#1024,.T.);
#1022 = VERTEX_POINT('',#1023);
#1023 = CARTESIAN_POINT('',(-1.27,-1.524,0.));
#1024 = LINE('',#1025,#1026);
#1025 = CARTESIAN_POINT('',(-1.016,-1.27,0.));
#1026 = VECTOR('',#1027,1.);
#1027 = DIRECTION('',(-0.707106781187,-0.707106781187,0.));
#1028 = ORIENTED_EDGE('',*,*,#1029,.T.);
#1029 = EDGE_CURVE('',#1022,#1030,#1032,.T.);
#1030 = VERTEX_POINT('',#1031);
#1031 = CARTESIAN_POINT('',(-1.27,-3.556,0.));
#1032 = LINE('',#1033,#1034);
#1033 = CARTESIAN_POINT('',(-1.27,-1.524,0.));
#1034 = VECTOR('',#1035,1.);
#1035 = DIRECTION('',(0.,-1.,0.));
#1036 = ORIENTED_EDGE('',*,*,#1037,.T.);
#1037 = EDGE_CURVE('',#1030,#1038,#1040,.T.);
#1038 = VERTEX_POINT('',#1039);
#1039 = CARTESIAN_POINT('',(-1.016,-3.81,0.));
#1040 = LINE('',#1041,#1042);
#1041 = CARTESIAN_POINT('',(-1.27,-3.556,0.));
#1042 = VECTOR('',#1043,1.);
#1043 = DIRECTION('',(0.707106781187,-0.707106781187,0.));
#1044 = ORIENTED_EDGE('',*,*,#1045,.T.);
#1045 = EDGE_CURVE('',#1038,#1046,#1048,.T.);
#1046 = VERTEX_POINT('',#1047);
#1047 = CARTESIAN_POINT('',(1.016,-3.81,0.));
#1048 = LINE('',#1049,#1050);
#1049 = CARTESIAN_POINT('',(-1.016,-3.81,0.));
#1050 = VECTOR('',#1051,1.);
#1051 = DIRECTION('',(1.,0.,0.));
#1052 = ORIENTED_EDGE('',*,*,#1053,.T.);
#1053 = EDGE_CURVE('',#1046,#1054,#1056,.T.);
#1054 = VERTEX_POINT('',#1055);
#1055 = CARTESIAN_POINT('',(1.27,-3.556,0.));
#1056 = LINE('',#1057,#1058);
#1057 = CARTESIAN_POINT('',(1.016,-3.81,0.));
#1058 = VECTOR('',#1059,1.);
#1059 = DIRECTION('',(0.707106781187,0.707106781187,0.));
#1060 = ORIENTED_EDGE('',*,*,#1061,.T.);
#1061 = EDGE_CURVE('',#1054,#1062,#1064,.T.);
#1062 = VERTEX_POINT('',#1063);
#1063 = CARTESIAN_POINT('',(1.27,-1.524,0.));
#1064 = LINE('',#1065,#1066);
#1065 = CARTESIAN_POINT('',(1.27,-3.556,0.));
#1066 = VECTOR('',#1067,1.);
#1067 = DIRECTION('',(0.,1.,0.));
#1068 = ORIENTED_EDGE('',*,*,#1069,.T.);
#1069 = EDGE_CURVE('',#1062,#1070,#1072,.T.);
#1070 = VERTEX_POINT('',#1071);
#1071 = CARTESIAN_POINT('',(1.016,-1.27,0.));
#1072 = LINE('',#1073,#1074);
#1073 = CARTESIAN_POINT('',(1.27,-1.524,0.));
#1074 = VECTOR('',#1075,1.);
#1075 = DIRECTION('',(-0.707106781187,0.707106781187,0.));
#1076 = ORIENTED_EDGE('',*,*,#1077,.T.);
#1077 = EDGE_CURVE('',#1070,#1078,#1080,.T.);
#1078 = VERTEX_POINT('',#1079);
#1079 = CARTESIAN_POINT('',(1.27,-1.016,0.));
#1080 = LINE('',#1081,#1082);
#1081 = CARTESIAN_POINT('',(1.016,-1.27,0.));
#1082 = VECTOR('',#1083,1.);
#1083 = DIRECTION('',(0.707106781187,0.707106781187,0.));
#1084 = ORIENTED_EDGE('',*,*,#1085,.T.);
#1085 = EDGE_CURVE('',#1078,#1086,#1088,.T.);
#1086 = VERTEX_POINT('',#1087);
#1087 = CARTESIAN_POINT('',(1.27,1.016,0.));
#1088 = LINE('',#1089,#1090);
#1089 = CARTESIAN_POINT('',(1.27,-1.016,0.));
#1090 = VECTOR('',#1091,1.);
#1091 = DIRECTION('',(0.,1.,0.));
#1092 = ORIENTED_EDGE('',*,*,#1093,.T.);
#1093 = EDGE_CURVE('',#1086,#950,#1094,.T.);
#1094 = LINE('',#1095,#1096);
#1095 = CARTESIAN_POINT('',(1.27,1.016,0.));
#1096 = VECTOR('',#1097,1.);
#1097 = DIRECTION('',(-0.707106781187,0.707106781187,0.));
#1098 = ORIENTED_EDGE('',*,*,#966,.T.);
#1099 = FACE_BOUND('',#1100,.F.);
#1100 = EDGE_LOOP('',(#1101,#1111,#1119,#1127));
#1101 = ORIENTED_EDGE('',*,*,#1102,.T.);
#1102 = EDGE_CURVE('',#1103,#1105,#1107,.T.);
#1103 = VERTEX_POINT('',#1104);
#1104 = CARTESIAN_POINT('',(0.32,-0.32,0.));
#1105 = VERTEX_POINT('',#1106);
#1106 = CARTESIAN_POINT('',(-0.32,-0.32,0.));
#1107 = LINE('',#1108,#1109);
#1108 = CARTESIAN_POINT('',(-0.16,-0.32,0.));
#1109 = VECTOR('',#1110,1.);
#1110 = DIRECTION('',(-1.,0.,0.));
#1111 = ORIENTED_EDGE('',*,*,#1112,.T.);
#1112 = EDGE_CURVE('',#1105,#1113,#1115,.T.);
#1113 = VERTEX_POINT('',#1114);
#1114 = CARTESIAN_POINT('',(-0.32,0.32,0.));
#1115 = LINE('',#1116,#1117);
#1116 = CARTESIAN_POINT('',(-0.32,-0.795,0.));
#1117 = VECTOR('',#1118,1.);
#1118 = DIRECTION('',(0.,1.,0.));
#1119 = ORIENTED_EDGE('',*,*,#1120,.F.);
#1120 = EDGE_CURVE('',#1121,#1113,#1123,.T.);
#1121 = VERTEX_POINT('',#1122);
#1122 = CARTESIAN_POINT('',(0.32,0.32,0.));
#1123 = LINE('',#1124,#1125);
#1124 = CARTESIAN_POINT('',(-0.16,0.32,0.));
#1125 = VECTOR('',#1126,1.);
#1126 = DIRECTION('',(-1.,0.,0.));
#1127 = ORIENTED_EDGE('',*,*,#1128,.F.);
#1128 = EDGE_CURVE('',#1103,#1121,#1129,.T.);
#1129 = LINE('',#1130,#1131);
#1130 = CARTESIAN_POINT('',(0.32,-0.795,0.));
#1131 = VECTOR('',#1132,1.);
#1132 = DIRECTION('',(0.,1.,0.));
#1133 = FACE_BOUND('',#1134,.F.);
#1134 = EDGE_LOOP('',(#1135,#1145,#1153,#1161));
#1135 = ORIENTED_EDGE('',*,*,#1136,.T.);
#1136 = EDGE_CURVE('',#1137,#1139,#1141,.T.);
#1137 = VERTEX_POINT('',#1138);
#1138 = CARTESIAN_POINT('',(0.32,-2.86,0.));
#1139 = VERTEX_POINT('',#1140);
#1140 = CARTESIAN_POINT('',(-0.32,-2.86,0.));
#1141 = LINE('',#1142,#1143);
#1142 = CARTESIAN_POINT('',(-0.16,-2.86,0.));
#1143 = VECTOR('',#1144,1.);
#1144 = DIRECTION('',(-1.,0.,0.));
#1145 = ORIENTED_EDGE('',*,*,#1146,.T.);
#1146 = EDGE_CURVE('',#1139,#1147,#1149,.T.);
#1147 = VERTEX_POINT('',#1148);
#1148 = CARTESIAN_POINT('',(-0.32,-2.22,0.));
#1149 = LINE('',#1150,#1151);
#1150 = CARTESIAN_POINT('',(-0.32,-2.065,0.));
#1151 = VECTOR('',#1152,1.);
#1152 = DIRECTION('',(0.,1.,0.));
#1153 = ORIENTED_EDGE('',*,*,#1154,.F.);
#1154 = EDGE_CURVE('',#1155,#1147,#1157,.T.);
#1155 = VERTEX_POINT('',#1156);
#1156 = CARTESIAN_POINT('',(0.32,-2.22,0.));
#1157 = LINE('',#1158,#1159);
#1158 = CARTESIAN_POINT('',(-0.16,-2.22,0.));
#1159 = VECTOR('',#1160,1.);
#1160 = DIRECTION('',(-1.,0.,0.));
#1161 = ORIENTED_EDGE('',*,*,#1162,.F.);
#1162 = EDGE_CURVE('',#1137,#1155,#1163,.T.);
#1163 = LINE('',#1164,#1165);
#1164 = CARTESIAN_POINT('',(0.32,-2.065,0.));
#1165 = VECTOR('',#1166,1.);
#1166 = DIRECTION('',(0.,1.,0.));
#1167 = PLANE('',#1168);
#1168 = AXIS2_PLACEMENT_3D('',#1169,#1170,#1171);
#1169 = CARTESIAN_POINT('',(1.473843703412E-17,-1.27,0.));
#1170 = DIRECTION('',(0.,0.,1.));
#1171 = DIRECTION('',(1.,0.,-0.));
#1172 = ADVANCED_FACE('',(#1173,#1264,#1298),#1332,.T.);
#1173 = FACE_BOUND('',#1174,.T.);
#1174 = EDGE_LOOP('',(#1175,#1176,#1177,#1185,#1193,#1201,#1209,#1217,
    #1225,#1233,#1241,#1249,#1257,#1263));
#1175 = ORIENTED_EDGE('',*,*,#919,.T.);
#1176 = ORIENTED_EDGE('',*,*,#981,.T.);
#1177 = ORIENTED_EDGE('',*,*,#1178,.T.);
#1178 = EDGE_CURVE('',#982,#1179,#1181,.T.);
#1179 = VERTEX_POINT('',#1180);
#1180 = CARTESIAN_POINT('',(-1.016,-1.27,2.54));
#1181 = LINE('',#1182,#1183);
#1182 = CARTESIAN_POINT('',(-1.27,-1.016,2.54));
#1183 = VECTOR('',#1184,1.);
#1184 = DIRECTION('',(0.707106781187,-0.707106781187,0.));
#1185 = ORIENTED_EDGE('',*,*,#1186,.T.);
#1186 = EDGE_CURVE('',#1179,#1187,#1189,.T.);
#1187 = VERTEX_POINT('',#1188);
#1188 = CARTESIAN_POINT('',(-1.27,-1.524,2.54));
#1189 = LINE('',#1190,#1191);
#1190 = CARTESIAN_POINT('',(-1.016,-1.27,2.54));
#1191 = VECTOR('',#1192,1.);
#1192 = DIRECTION('',(-0.707106781187,-0.707106781187,0.));
#1193 = ORIENTED_EDGE('',*,*,#1194,.T.);
#1194 = EDGE_CURVE('',#1187,#1195,#1197,.T.);
#1195 = VERTEX_POINT('',#1196);
#1196 = CARTESIAN_POINT('',(-1.27,-3.556,2.54));
#1197 = LINE('',#1198,#1199);
#1198 = CARTESIAN_POINT('',(-1.27,-1.524,2.54));
#1199 = VECTOR('',#1200,1.);
#1200 = DIRECTION('',(0.,-1.,0.));
#1201 = ORIENTED_EDGE('',*,*,#1202,.T.);
#1202 = EDGE_CURVE('',#1195,#1203,#1205,.T.);
#1203 = VERTEX_POINT('',#1204);
#1204 = CARTESIAN_POINT('',(-1.016,-3.81,2.54));
#1205 = LINE('',#1206,#1207);
#1206 = CARTESIAN_POINT('',(-1.27,-3.556,2.54));
#1207 = VECTOR('',#1208,1.);
#1208 = DIRECTION('',(0.707106781187,-0.707106781187,0.));
#1209 = ORIENTED_EDGE('',*,*,#1210,.T.);
#1210 = EDGE_CURVE('',#1203,#1211,#1213,.T.);
#1211 = VERTEX_POINT('',#1212);
#1212 = CARTESIAN_POINT('',(1.016,-3.81,2.54));
#1213 = LINE('',#1214,#1215);
#1214 = CARTESIAN_POINT('',(-1.016,-3.81,2.54));
#1215 = VECTOR('',#1216,1.);
#1216 = DIRECTION('',(1.,0.,0.));
#1217 = ORIENTED_EDGE('',*,*,#1218,.T.);
#1218 = EDGE_CURVE('',#1211,#1219,#1221,.T.);
#1219 = VERTEX_POINT('',#1220);
#1220 = CARTESIAN_POINT('',(1.27,-3.556,2.54));
#1221 = LINE('',#1222,#1223);
#1222 = CARTESIAN_POINT('',(1.016,-3.81,2.54));
#1223 = VECTOR('',#1224,1.);
#1224 = DIRECTION('',(0.707106781187,0.707106781187,0.));
#1225 = ORIENTED_EDGE('',*,*,#1226,.T.);
#1226 = EDGE_CURVE('',#1219,#1227,#1229,.T.);
#1227 = VERTEX_POINT('',#1228);
#1228 = CARTESIAN_POINT('',(1.27,-1.524,2.54));
#1229 = LINE('',#1230,#1231);
#1230 = CARTESIAN_POINT('',(1.27,-3.556,2.54));
#1231 = VECTOR('',#1232,1.);
#1232 = DIRECTION('',(0.,1.,0.));
#1233 = ORIENTED_EDGE('',*,*,#1234,.T.);
#1234 = EDGE_CURVE('',#1227,#1235,#1237,.T.);
#1235 = VERTEX_POINT('',#1236);
#1236 = CARTESIAN_POINT('',(1.016,-1.27,2.54));
#1237 = LINE('',#1238,#1239);
#1238 = CARTESIAN_POINT('',(1.27,-1.524,2.54));
#1239 = VECTOR('',#1240,1.);
#1240 = DIRECTION('',(-0.707106781187,0.707106781187,0.));
#1241 = ORIENTED_EDGE('',*,*,#1242,.T.);
#1242 = EDGE_CURVE('',#1235,#1243,#1245,.T.);
#1243 = VERTEX_POINT('',#1244);
#1244 = CARTESIAN_POINT('',(1.27,-1.016,2.54));
#1245 = LINE('',#1246,#1247);
#1246 = CARTESIAN_POINT('',(1.016,-1.27,2.54));
#1247 = VECTOR('',#1248,1.);
#1248 = DIRECTION('',(0.707106781187,0.707106781187,0.));
#1249 = ORIENTED_EDGE('',*,*,#1250,.T.);
#1250 = EDGE_CURVE('',#1243,#1251,#1253,.T.);
#1251 = VERTEX_POINT('',#1252);
#1252 = CARTESIAN_POINT('',(1.27,1.016,2.54));
#1253 = LINE('',#1254,#1255);
#1254 = CARTESIAN_POINT('',(1.27,-1.016,2.54));
#1255 = VECTOR('',#1256,1.);
#1256 = DIRECTION('',(0.,1.,0.));
#1257 = ORIENTED_EDGE('',*,*,#1258,.T.);
#1258 = EDGE_CURVE('',#1251,#952,#1259,.T.);
#1259 = LINE('',#1260,#1261);
#1260 = CARTESIAN_POINT('',(1.27,1.016,2.54));
#1261 = VECTOR('',#1262,1.);
#1262 = DIRECTION('',(-0.707106781187,0.707106781187,0.));
#1263 = ORIENTED_EDGE('',*,*,#959,.T.);
#1264 = FACE_BOUND('',#1265,.T.);
#1265 = EDGE_LOOP('',(#1266,#1276,#1284,#1292));
#1266 = ORIENTED_EDGE('',*,*,#1267,.T.);
#1267 = EDGE_CURVE('',#1268,#1270,#1272,.T.);
#1268 = VERTEX_POINT('',#1269);
#1269 = CARTESIAN_POINT('',(0.32,-0.32,2.54));
#1270 = VERTEX_POINT('',#1271);
#1271 = CARTESIAN_POINT('',(-0.32,-0.32,2.54));
#1272 = LINE('',#1273,#1274);
#1273 = CARTESIAN_POINT('',(-0.16,-0.32,2.54));
#1274 = VECTOR('',#1275,1.);
#1275 = DIRECTION('',(-1.,0.,0.));
#1276 = ORIENTED_EDGE('',*,*,#1277,.T.);
#1277 = EDGE_CURVE('',#1270,#1278,#1280,.T.);
#1278 = VERTEX_POINT('',#1279);
#1279 = CARTESIAN_POINT('',(-0.32,0.32,2.54));
#1280 = LINE('',#1281,#1282);
#1281 = CARTESIAN_POINT('',(-0.32,-0.795,2.54));
#1282 = VECTOR('',#1283,1.);
#1283 = DIRECTION('',(0.,1.,0.));
#1284 = ORIENTED_EDGE('',*,*,#1285,.F.);
#1285 = EDGE_CURVE('',#1286,#1278,#1288,.T.);
#1286 = VERTEX_POINT('',#1287);
#1287 = CARTESIAN_POINT('',(0.32,0.32,2.54));
#1288 = LINE('',#1289,#1290);
#1289 = CARTESIAN_POINT('',(-0.16,0.32,2.54));
#1290 = VECTOR('',#1291,1.);
#1291 = DIRECTION('',(-1.,0.,0.));
#1292 = ORIENTED_EDGE('',*,*,#1293,.F.);
#1293 = EDGE_CURVE('',#1268,#1286,#1294,.T.);
#1294 = LINE('',#1295,#1296);
#1295 = CARTESIAN_POINT('',(0.32,-0.795,2.54));
#1296 = VECTOR('',#1297,1.);
#1297 = DIRECTION('',(0.,1.,0.));
#1298 = FACE_BOUND('',#1299,.T.);
#1299 = EDGE_LOOP('',(#1300,#1310,#1318,#1326));
#1300 = ORIENTED_EDGE('',*,*,#1301,.T.);
#1301 = EDGE_CURVE('',#1302,#1304,#1306,.T.);
#1302 = VERTEX_POINT('',#1303);
#1303 = CARTESIAN_POINT('',(0.32,-2.86,2.54));
#1304 = VERTEX_POINT('',#1305);
#1305 = CARTESIAN_POINT('',(-0.32,-2.86,2.54));
#1306 = LINE('',#1307,#1308);
#1307 = CARTESIAN_POINT('',(-0.16,-2.86,2.54));
#1308 = VECTOR('',#1309,1.);
#1309 = DIRECTION('',(-1.,0.,0.));
#1310 = ORIENTED_EDGE('',*,*,#1311,.T.);
#1311 = EDGE_CURVE('',#1304,#1312,#1314,.T.);
#1312 = VERTEX_POINT('',#1313);
#1313 = CARTESIAN_POINT('',(-0.32,-2.22,2.54));
#1314 = LINE('',#1315,#1316);
#1315 = CARTESIAN_POINT('',(-0.32,-2.065,2.54));
#1316 = VECTOR('',#1317,1.);
#1317 = DIRECTION('',(0.,1.,0.));
#1318 = ORIENTED_EDGE('',*,*,#1319,.F.);
#1319 = EDGE_CURVE('',#1320,#1312,#1322,.T.);
#1320 = VERTEX_POINT('',#1321);
#1321 = CARTESIAN_POINT('',(0.32,-2.22,2.54));
#1322 = LINE('',#1323,#1324);
#1323 = CARTESIAN_POINT('',(-0.16,-2.22,2.54));
#1324 = VECTOR('',#1325,1.);
#1325 = DIRECTION('',(-1.,0.,0.));
#1326 = ORIENTED_EDGE('',*,*,#1327,.F.);
#1327 = EDGE_CURVE('',#1302,#1320,#1328,.T.);
#1328 = LINE('',#1329,#1330);
#1329 = CARTESIAN_POINT('',(0.32,-2.065,2.54));
#1330 = VECTOR('',#1331,1.);
#1331 = DIRECTION('',(0.,1.,0.));
#1332 = PLANE('',#1333);
#1333 = AXIS2_PLACEMENT_3D('',#1334,#1335,#1336);
#1334 = CARTESIAN_POINT('',(1.473843703412E-17,-1.27,2.54));
#1335 = DIRECTION('',(0.,0.,1.));
#1336 = DIRECTION('',(1.,0.,-0.));
#1337 = ADVANCED_FACE('',(#1338),#1349,.F.);
#1338 = FACE_BOUND('',#1339,.F.);
#1339 = EDGE_LOOP('',(#1340,#1346,#1347,#1348));
#1340 = ORIENTED_EDGE('',*,*,#1341,.T.);
#1341 = EDGE_CURVE('',#1086,#1251,#1342,.T.);
#1342 = LINE('',#1343,#1344);
#1343 = CARTESIAN_POINT('',(1.27,1.016,0.));
#1344 = VECTOR('',#1345,1.);
#1345 = DIRECTION('',(0.,0.,1.));
#1346 = ORIENTED_EDGE('',*,*,#1258,.T.);
#1347 = ORIENTED_EDGE('',*,*,#949,.F.);
#1348 = ORIENTED_EDGE('',*,*,#1093,.F.);
#1349 = PLANE('',#1350);
#1350 = AXIS2_PLACEMENT_3D('',#1351,#1352,#1353);
#1351 = CARTESIAN_POINT('',(1.27,1.016,0.));
#1352 = DIRECTION('',(-0.707106781187,-0.707106781187,0.));
#1353 = DIRECTION('',(-0.707106781187,0.707106781187,0.));
#1354 = ADVANCED_FACE('',(#1355),#1366,.F.);
#1355 = FACE_BOUND('',#1356,.F.);
#1356 = EDGE_LOOP('',(#1357,#1358,#1359,#1365));
#1357 = ORIENTED_EDGE('',*,*,#989,.T.);
#1358 = ORIENTED_EDGE('',*,*,#1178,.T.);
#1359 = ORIENTED_EDGE('',*,*,#1360,.F.);
#1360 = EDGE_CURVE('',#1014,#1179,#1361,.T.);
#1361 = LINE('',#1362,#1363);
#1362 = CARTESIAN_POINT('',(-1.016,-1.27,0.));
#1363 = VECTOR('',#1364,1.);
#1364 = DIRECTION('',(0.,0.,1.));
#1365 = ORIENTED_EDGE('',*,*,#1013,.F.);
#1366 = PLANE('',#1367);
#1367 = AXIS2_PLACEMENT_3D('',#1368,#1369,#1370);
#1368 = CARTESIAN_POINT('',(-1.27,-1.016,0.));
#1369 = DIRECTION('',(0.707106781187,0.707106781187,0.));
#1370 = DIRECTION('',(0.707106781187,-0.707106781187,0.));
#1371 = ADVANCED_FACE('',(#1372),#1383,.F.);
#1372 = FACE_BOUND('',#1373,.F.);
#1373 = EDGE_LOOP('',(#1374,#1380,#1381,#1382));
#1374 = ORIENTED_EDGE('',*,*,#1375,.T.);
#1375 = EDGE_CURVE('',#1078,#1243,#1376,.T.);
#1376 = LINE('',#1377,#1378);
#1377 = CARTESIAN_POINT('',(1.27,-1.016,0.));
#1378 = VECTOR('',#1379,1.);
#1379 = DIRECTION('',(0.,0.,1.));
#1380 = ORIENTED_EDGE('',*,*,#1250,.T.);
#1381 = ORIENTED_EDGE('',*,*,#1341,.F.);
#1382 = ORIENTED_EDGE('',*,*,#1085,.F.);
#1383 = PLANE('',#1384);
#1384 = AXIS2_PLACEMENT_3D('',#1385,#1386,#1387);
#1385 = CARTESIAN_POINT('',(1.27,-1.016,0.));
#1386 = DIRECTION('',(-1.,0.,0.));
#1387 = DIRECTION('',(0.,1.,0.));
#1388 = ADVANCED_FACE('',(#1389),#1400,.F.);
#1389 = FACE_BOUND('',#1390,.F.);
#1390 = EDGE_LOOP('',(#1391,#1392,#1393,#1399));
#1391 = ORIENTED_EDGE('',*,*,#1360,.T.);
#1392 = ORIENTED_EDGE('',*,*,#1186,.T.);
#1393 = ORIENTED_EDGE('',*,*,#1394,.F.);
#1394 = EDGE_CURVE('',#1022,#1187,#1395,.T.);
#1395 = LINE('',#1396,#1397);
#1396 = CARTESIAN_POINT('',(-1.27,-1.524,0.));
#1397 = VECTOR('',#1398,1.);
#1398 = DIRECTION('',(0.,0.,1.));
#1399 = ORIENTED_EDGE('',*,*,#1021,.F.);
#1400 = PLANE('',#1401);
#1401 = AXIS2_PLACEMENT_3D('',#1402,#1403,#1404);
#1402 = CARTESIAN_POINT('',(-1.016,-1.27,0.));
#1403 = DIRECTION('',(0.707106781187,-0.707106781187,0.));
#1404 = DIRECTION('',(-0.707106781187,-0.707106781187,0.));
#1405 = ADVANCED_FACE('',(#1406),#1417,.F.);
#1406 = FACE_BOUND('',#1407,.F.);
#1407 = EDGE_LOOP('',(#1408,#1414,#1415,#1416));
#1408 = ORIENTED_EDGE('',*,*,#1409,.T.);
#1409 = EDGE_CURVE('',#1070,#1235,#1410,.T.);
#1410 = LINE('',#1411,#1412);
#1411 = CARTESIAN_POINT('',(1.016,-1.27,0.));
#1412 = VECTOR('',#1413,1.);
#1413 = DIRECTION('',(0.,0.,1.));
#1414 = ORIENTED_EDGE('',*,*,#1242,.T.);
#1415 = ORIENTED_EDGE('',*,*,#1375,.F.);
#1416 = ORIENTED_EDGE('',*,*,#1077,.F.);
#1417 = PLANE('',#1418);
#1418 = AXIS2_PLACEMENT_3D('',#1419,#1420,#1421);
#1419 = CARTESIAN_POINT('',(1.016,-1.27,0.));
#1420 = DIRECTION('',(-0.707106781187,0.707106781187,0.));
#1421 = DIRECTION('',(0.707106781187,0.707106781187,0.));
#1422 = ADVANCED_FACE('',(#1423),#1434,.F.);
#1423 = FACE_BOUND('',#1424,.F.);
#1424 = EDGE_LOOP('',(#1425,#1426,#1427,#1433));
#1425 = ORIENTED_EDGE('',*,*,#1394,.T.);
#1426 = ORIENTED_EDGE('',*,*,#1194,.T.);
#1427 = ORIENTED_EDGE('',*,*,#1428,.F.);
#1428 = EDGE_CURVE('',#1030,#1195,#1429,.T.);
#1429 = LINE('',#1430,#1431);
#1430 = CARTESIAN_POINT('',(-1.27,-3.556,0.));
#1431 = VECTOR('',#1432,1.);
#1432 = DIRECTION('',(0.,0.,1.));
#1433 = ORIENTED_EDGE('',*,*,#1029,.F.);
#1434 = PLANE('',#1435);
#1435 = AXIS2_PLACEMENT_3D('',#1436,#1437,#1438);
#1436 = CARTESIAN_POINT('',(-1.27,-1.524,0.));
#1437 = DIRECTION('',(1.,0.,0.));
#1438 = DIRECTION('',(0.,-1.,0.));
#1439 = ADVANCED_FACE('',(#1440),#1451,.F.);
#1440 = FACE_BOUND('',#1441,.F.);
#1441 = EDGE_LOOP('',(#1442,#1448,#1449,#1450));
#1442 = ORIENTED_EDGE('',*,*,#1443,.T.);
#1443 = EDGE_CURVE('',#1062,#1227,#1444,.T.);
#1444 = LINE('',#1445,#1446);
#1445 = CARTESIAN_POINT('',(1.27,-1.524,0.));
#1446 = VECTOR('',#1447,1.);
#1447 = DIRECTION('',(0.,0.,1.));
#1448 = ORIENTED_EDGE('',*,*,#1234,.T.);
#1449 = ORIENTED_EDGE('',*,*,#1409,.F.);
#1450 = ORIENTED_EDGE('',*,*,#1069,.F.);
#1451 = PLANE('',#1452);
#1452 = AXIS2_PLACEMENT_3D('',#1453,#1454,#1455);
#1453 = CARTESIAN_POINT('',(1.27,-1.524,0.));
#1454 = DIRECTION('',(-0.707106781187,-0.707106781187,0.));
#1455 = DIRECTION('',(-0.707106781187,0.707106781187,0.));
#1456 = ADVANCED_FACE('',(#1457),#1468,.F.);
#1457 = FACE_BOUND('',#1458,.F.);
#1458 = EDGE_LOOP('',(#1459,#1460,#1461,#1467));
#1459 = ORIENTED_EDGE('',*,*,#1428,.T.);
#1460 = ORIENTED_EDGE('',*,*,#1202,.T.);
#1461 = ORIENTED_EDGE('',*,*,#1462,.F.);
#1462 = EDGE_CURVE('',#1038,#1203,#1463,.T.);
#1463 = LINE('',#1464,#1465);
#1464 = CARTESIAN_POINT('',(-1.016,-3.81,0.));
#1465 = VECTOR('',#1466,1.);
#1466 = DIRECTION('',(0.,0.,1.));
#1467 = ORIENTED_EDGE('',*,*,#1037,.F.);
#1468 = PLANE('',#1469);
#1469 = AXIS2_PLACEMENT_3D('',#1470,#1471,#1472);
#1470 = CARTESIAN_POINT('',(-1.27,-3.556,0.));
#1471 = DIRECTION('',(0.707106781187,0.707106781187,0.));
#1472 = DIRECTION('',(0.707106781187,-0.707106781187,0.));
#1473 = ADVANCED_FACE('',(#1474),#1485,.F.);
#1474 = FACE_BOUND('',#1475,.F.);
#1475 = EDGE_LOOP('',(#1476,#1482,#1483,#1484));
#1476 = ORIENTED_EDGE('',*,*,#1477,.T.);
#1477 = EDGE_CURVE('',#1054,#1219,#1478,.T.);
#1478 = LINE('',#1479,#1480);
#1479 = CARTESIAN_POINT('',(1.27,-3.556,0.));
#1480 = VECTOR('',#1481,1.);
#1481 = DIRECTION('',(0.,0.,1.));
#1482 = ORIENTED_EDGE('',*,*,#1226,.T.);
#1483 = ORIENTED_EDGE('',*,*,#1443,.F.);
#1484 = ORIENTED_EDGE('',*,*,#1061,.F.);
#1485 = PLANE('',#1486);
#1486 = AXIS2_PLACEMENT_3D('',#1487,#1488,#1489);
#1487 = CARTESIAN_POINT('',(1.27,-3.556,0.));
#1488 = DIRECTION('',(-1.,0.,0.));
#1489 = DIRECTION('',(0.,1.,0.));
#1490 = ADVANCED_FACE('',(#1491),#1502,.F.);
#1491 = FACE_BOUND('',#1492,.F.);
#1492 = EDGE_LOOP('',(#1493,#1494,#1495,#1501));
#1493 = ORIENTED_EDGE('',*,*,#1462,.T.);
#1494 = ORIENTED_EDGE('',*,*,#1210,.T.);
#1495 = ORIENTED_EDGE('',*,*,#1496,.F.);
#1496 = EDGE_CURVE('',#1046,#1211,#1497,.T.);
#1497 = LINE('',#1498,#1499);
#1498 = CARTESIAN_POINT('',(1.016,-3.81,0.));
#1499 = VECTOR('',#1500,1.);
#1500 = DIRECTION('',(0.,0.,1.));
#1501 = ORIENTED_EDGE('',*,*,#1045,.F.);
#1502 = PLANE('',#1503);
#1503 = AXIS2_PLACEMENT_3D('',#1504,#1505,#1506);
#1504 = CARTESIAN_POINT('',(-1.016,-3.81,0.));
#1505 = DIRECTION('',(0.,1.,0.));
#1506 = DIRECTION('',(1.,0.,0.));
#1507 = ADVANCED_FACE('',(#1508),#1514,.F.);
#1508 = FACE_BOUND('',#1509,.F.);
#1509 = EDGE_LOOP('',(#1510,#1511,#1512,#1513));
#1510 = ORIENTED_EDGE('',*,*,#1496,.T.);
#1511 = ORIENTED_EDGE('',*,*,#1218,.T.);
#1512 = ORIENTED_EDGE('',*,*,#1477,.F.);
#1513 = ORIENTED_EDGE('',*,*,#1053,.F.);
#1514 = PLANE('',#1515);
#1515 = AXIS2_PLACEMENT_3D('',#1516,#1517,#1518);
#1516 = CARTESIAN_POINT('',(1.016,-3.81,0.));
#1517 = DIRECTION('',(-0.707106781187,0.707106781187,0.));
#1518 = DIRECTION('',(0.707106781187,0.707106781187,0.));
#1519 = ADVANCED_FACE('',(#1520),#1545,.F.);
#1520 = FACE_BOUND('',#1521,.F.);
#1521 = EDGE_LOOP('',(#1522,#1530,#1538,#1544));
#1522 = ORIENTED_EDGE('',*,*,#1523,.F.);
#1523 = EDGE_CURVE('',#1524,#1103,#1526,.T.);
#1524 = VERTEX_POINT('',#1525);
#1525 = CARTESIAN_POINT('',(0.32,-0.32,-2.84));
#1526 = LINE('',#1527,#1528);
#1527 = CARTESIAN_POINT('',(0.32,-0.32,-3.));
#1528 = VECTOR('',#1529,1.);
#1529 = DIRECTION('',(0.,0.,1.));
#1530 = ORIENTED_EDGE('',*,*,#1531,.F.);
#1531 = EDGE_CURVE('',#1532,#1524,#1534,.T.);
#1532 = VERTEX_POINT('',#1533);
#1533 = CARTESIAN_POINT('',(-0.32,-0.32,-2.84));
#1534 = LINE('',#1535,#1536);
#1535 = CARTESIAN_POINT('',(-0.32,-0.32,-2.84));
#1536 = VECTOR('',#1537,1.);
#1537 = DIRECTION('',(1.,0.,0.));
#1538 = ORIENTED_EDGE('',*,*,#1539,.T.);
#1539 = EDGE_CURVE('',#1532,#1105,#1540,.T.);
#1540 = LINE('',#1541,#1542);
#1541 = CARTESIAN_POINT('',(-0.32,-0.32,-3.));
#1542 = VECTOR('',#1543,1.);
#1543 = DIRECTION('',(0.,0.,1.));
#1544 = ORIENTED_EDGE('',*,*,#1102,.F.);
#1545 = PLANE('',#1546);
#1546 = AXIS2_PLACEMENT_3D('',#1547,#1548,#1549);
#1547 = CARTESIAN_POINT('',(-0.32,-0.32,-3.));
#1548 = DIRECTION('',(0.,1.,0.));
#1549 = DIRECTION('',(0.,-0.,1.));
#1550 = ADVANCED_FACE('',(#1551),#1569,.T.);
#1551 = FACE_BOUND('',#1552,.T.);
#1552 = EDGE_LOOP('',(#1553,#1554,#1562,#1568));
#1553 = ORIENTED_EDGE('',*,*,#1523,.F.);
#1554 = ORIENTED_EDGE('',*,*,#1555,.T.);
#1555 = EDGE_CURVE('',#1524,#1556,#1558,.T.);
#1556 = VERTEX_POINT('',#1557);
#1557 = CARTESIAN_POINT('',(0.32,0.32,-2.84));
#1558 = LINE('',#1559,#1560);
#1559 = CARTESIAN_POINT('',(0.32,-0.32,-2.84));
#1560 = VECTOR('',#1561,1.);
#1561 = DIRECTION('',(0.,1.,0.));
#1562 = ORIENTED_EDGE('',*,*,#1563,.T.);
#1563 = EDGE_CURVE('',#1556,#1121,#1564,.T.);
#1564 = LINE('',#1565,#1566);
#1565 = CARTESIAN_POINT('',(0.32,0.32,-3.));
#1566 = VECTOR('',#1567,1.);
#1567 = DIRECTION('',(0.,0.,1.));
#1568 = ORIENTED_EDGE('',*,*,#1128,.F.);
#1569 = PLANE('',#1570);
#1570 = AXIS2_PLACEMENT_3D('',#1571,#1572,#1573);
#1571 = CARTESIAN_POINT('',(0.32,-0.32,-3.));
#1572 = DIRECTION('',(1.,0.,0.));
#1573 = DIRECTION('',(0.,0.,1.));
#1574 = ADVANCED_FACE('',(#1575),#1593,.T.);
#1575 = FACE_BOUND('',#1576,.T.);
#1576 = EDGE_LOOP('',(#1577,#1578,#1586,#1592));
#1577 = ORIENTED_EDGE('',*,*,#1563,.F.);
#1578 = ORIENTED_EDGE('',*,*,#1579,.F.);
#1579 = EDGE_CURVE('',#1580,#1556,#1582,.T.);
#1580 = VERTEX_POINT('',#1581);
#1581 = CARTESIAN_POINT('',(-0.32,0.32,-2.84));
#1582 = LINE('',#1583,#1584);
#1583 = CARTESIAN_POINT('',(-0.32,0.32,-2.84));
#1584 = VECTOR('',#1585,1.);
#1585 = DIRECTION('',(1.,0.,0.));
#1586 = ORIENTED_EDGE('',*,*,#1587,.T.);
#1587 = EDGE_CURVE('',#1580,#1113,#1588,.T.);
#1588 = LINE('',#1589,#1590);
#1589 = CARTESIAN_POINT('',(-0.32,0.32,-3.));
#1590 = VECTOR('',#1591,1.);
#1591 = DIRECTION('',(0.,0.,1.));
#1592 = ORIENTED_EDGE('',*,*,#1120,.F.);
#1593 = PLANE('',#1594);
#1594 = AXIS2_PLACEMENT_3D('',#1595,#1596,#1597);
#1595 = CARTESIAN_POINT('',(-0.32,0.32,-3.));
#1596 = DIRECTION('',(0.,1.,0.));
#1597 = DIRECTION('',(0.,-0.,1.));
#1598 = ADVANCED_FACE('',(#1599),#1610,.F.);
#1599 = FACE_BOUND('',#1600,.F.);
#1600 = EDGE_LOOP('',(#1601,#1602,#1608,#1609));
#1601 = ORIENTED_EDGE('',*,*,#1539,.F.);
#1602 = ORIENTED_EDGE('',*,*,#1603,.T.);
#1603 = EDGE_CURVE('',#1532,#1580,#1604,.T.);
#1604 = LINE('',#1605,#1606);
#1605 = CARTESIAN_POINT('',(-0.32,-0.32,-2.84));
#1606 = VECTOR('',#1607,1.);
#1607 = DIRECTION('',(0.,1.,0.));
#1608 = ORIENTED_EDGE('',*,*,#1587,.T.);
#1609 = ORIENTED_EDGE('',*,*,#1112,.F.);
#1610 = PLANE('',#1611);
#1611 = AXIS2_PLACEMENT_3D('',#1612,#1613,#1614);
#1612 = CARTESIAN_POINT('',(-0.32,-0.32,-3.));
#1613 = DIRECTION('',(1.,0.,0.));
#1614 = DIRECTION('',(0.,0.,1.));
#1615 = ADVANCED_FACE('',(#1616),#1641,.F.);
#1616 = FACE_BOUND('',#1617,.F.);
#1617 = EDGE_LOOP('',(#1618,#1626,#1634,#1640));
#1618 = ORIENTED_EDGE('',*,*,#1619,.F.);
#1619 = EDGE_CURVE('',#1620,#1137,#1622,.T.);
#1620 = VERTEX_POINT('',#1621);
#1621 = CARTESIAN_POINT('',(0.32,-2.86,-2.84));
#1622 = LINE('',#1623,#1624);
#1623 = CARTESIAN_POINT('',(0.32,-2.86,-3.));
#1624 = VECTOR('',#1625,1.);
#1625 = DIRECTION('',(0.,0.,1.));
#1626 = ORIENTED_EDGE('',*,*,#1627,.F.);
#1627 = EDGE_CURVE('',#1628,#1620,#1630,.T.);
#1628 = VERTEX_POINT('',#1629);
#1629 = CARTESIAN_POINT('',(-0.32,-2.86,-2.84));
#1630 = LINE('',#1631,#1632);
#1631 = CARTESIAN_POINT('',(-0.32,-2.86,-2.84));
#1632 = VECTOR('',#1633,1.);
#1633 = DIRECTION('',(1.,0.,0.));
#1634 = ORIENTED_EDGE('',*,*,#1635,.T.);
#1635 = EDGE_CURVE('',#1628,#1139,#1636,.T.);
#1636 = LINE('',#1637,#1638);
#1637 = CARTESIAN_POINT('',(-0.32,-2.86,-3.));
#1638 = VECTOR('',#1639,1.);
#1639 = DIRECTION('',(0.,0.,1.));
#1640 = ORIENTED_EDGE('',*,*,#1136,.F.);
#1641 = PLANE('',#1642);
#1642 = AXIS2_PLACEMENT_3D('',#1643,#1644,#1645);
#1643 = CARTESIAN_POINT('',(-0.32,-2.86,-3.));
#1644 = DIRECTION('',(0.,1.,0.));
#1645 = DIRECTION('',(0.,-0.,1.));
#1646 = ADVANCED_FACE('',(#1647),#1665,.T.);
#1647 = FACE_BOUND('',#1648,.T.);
#1648 = EDGE_LOOP('',(#1649,#1650,#1658,#1664));
#1649 = ORIENTED_EDGE('',*,*,#1619,.F.);
#1650 = ORIENTED_EDGE('',*,*,#1651,.T.);
#1651 = EDGE_CURVE('',#1620,#1652,#1654,.T.);
#1652 = VERTEX_POINT('',#1653);
#1653 = CARTESIAN_POINT('',(0.32,-2.22,-2.84));
#1654 = LINE('',#1655,#1656);
#1655 = CARTESIAN_POINT('',(0.32,-2.86,-2.84));
#1656 = VECTOR('',#1657,1.);
#1657 = DIRECTION('',(0.,1.,0.));
#1658 = ORIENTED_EDGE('',*,*,#1659,.T.);
#1659 = EDGE_CURVE('',#1652,#1155,#1660,.T.);
#1660 = LINE('',#1661,#1662);
#1661 = CARTESIAN_POINT('',(0.32,-2.22,-3.));
#1662 = VECTOR('',#1663,1.);
#1663 = DIRECTION('',(0.,0.,1.));
#1664 = ORIENTED_EDGE('',*,*,#1162,.F.);
#1665 = PLANE('',#1666);
#1666 = AXIS2_PLACEMENT_3D('',#1667,#1668,#1669);
#1667 = CARTESIAN_POINT('',(0.32,-2.86,-3.));
#1668 = DIRECTION('',(1.,0.,0.));
#1669 = DIRECTION('',(0.,0.,1.));
#1670 = ADVANCED_FACE('',(#1671),#1689,.T.);
#1671 = FACE_BOUND('',#1672,.T.);
#1672 = EDGE_LOOP('',(#1673,#1674,#1682,#1688));
#1673 = ORIENTED_EDGE('',*,*,#1659,.F.);
#1674 = ORIENTED_EDGE('',*,*,#1675,.F.);
#1675 = EDGE_CURVE('',#1676,#1652,#1678,.T.);
#1676 = VERTEX_POINT('',#1677);
#1677 = CARTESIAN_POINT('',(-0.32,-2.22,-2.84));
#1678 = LINE('',#1679,#1680);
#1679 = CARTESIAN_POINT('',(-0.32,-2.22,-2.84));
#1680 = VECTOR('',#1681,1.);
#1681 = DIRECTION('',(1.,0.,0.));
#1682 = ORIENTED_EDGE('',*,*,#1683,.T.);
#1683 = EDGE_CURVE('',#1676,#1147,#1684,.T.);
#1684 = LINE('',#1685,#1686);
#1685 = CARTESIAN_POINT('',(-0.32,-2.22,-3.));
#1686 = VECTOR('',#1687,1.);
#1687 = DIRECTION('',(0.,0.,1.));
#1688 = ORIENTED_EDGE('',*,*,#1154,.F.);
#1689 = PLANE('',#1690);
#1690 = AXIS2_PLACEMENT_3D('',#1691,#1692,#1693);
#1691 = CARTESIAN_POINT('',(-0.32,-2.22,-3.));
#1692 = DIRECTION('',(0.,1.,0.));
#1693 = DIRECTION('',(0.,-0.,1.));
#1694 = ADVANCED_FACE('',(#1695),#1706,.F.);
#1695 = FACE_BOUND('',#1696,.F.);
#1696 = EDGE_LOOP('',(#1697,#1698,#1704,#1705));
#1697 = ORIENTED_EDGE('',*,*,#1635,.F.);
#1698 = ORIENTED_EDGE('',*,*,#1699,.T.);
#1699 = EDGE_CURVE('',#1628,#1676,#1700,.T.);
#1700 = LINE('',#1701,#1702);
#1701 = CARTESIAN_POINT('',(-0.32,-2.86,-2.84));
#1702 = VECTOR('',#1703,1.);
#1703 = DIRECTION('',(0.,1.,0.));
#1704 = ORIENTED_EDGE('',*,*,#1683,.T.);
#1705 = ORIENTED_EDGE('',*,*,#1146,.F.);
#1706 = PLANE('',#1707);
#1707 = AXIS2_PLACEMENT_3D('',#1708,#1709,#1710);
#1708 = CARTESIAN_POINT('',(-0.32,-2.86,-3.));
#1709 = DIRECTION('',(1.,0.,0.));
#1710 = DIRECTION('',(0.,0.,1.));
#1711 = ADVANCED_FACE('',(#1712),#1737,.F.);
#1712 = FACE_BOUND('',#1713,.F.);
#1713 = EDGE_LOOP('',(#1714,#1722,#1723,#1731));
#1714 = ORIENTED_EDGE('',*,*,#1715,.F.);
#1715 = EDGE_CURVE('',#1268,#1716,#1718,.T.);
#1716 = VERTEX_POINT('',#1717);
#1717 = CARTESIAN_POINT('',(0.32,-0.32,8.38));
#1718 = LINE('',#1719,#1720);
#1719 = CARTESIAN_POINT('',(0.32,-0.32,-3.));
#1720 = VECTOR('',#1721,1.);
#1721 = DIRECTION('',(0.,0.,1.));
#1722 = ORIENTED_EDGE('',*,*,#1267,.T.);
#1723 = ORIENTED_EDGE('',*,*,#1724,.T.);
#1724 = EDGE_CURVE('',#1270,#1725,#1727,.T.);
#1725 = VERTEX_POINT('',#1726);
#1726 = CARTESIAN_POINT('',(-0.32,-0.32,8.38));
#1727 = LINE('',#1728,#1729);
#1728 = CARTESIAN_POINT('',(-0.32,-0.32,-3.));
#1729 = VECTOR('',#1730,1.);
#1730 = DIRECTION('',(0.,0.,1.));
#1731 = ORIENTED_EDGE('',*,*,#1732,.T.);
#1732 = EDGE_CURVE('',#1725,#1716,#1733,.T.);
#1733 = LINE('',#1734,#1735);
#1734 = CARTESIAN_POINT('',(-0.32,-0.32,8.38));
#1735 = VECTOR('',#1736,1.);
#1736 = DIRECTION('',(1.,0.,0.));
#1737 = PLANE('',#1738);
#1738 = AXIS2_PLACEMENT_3D('',#1739,#1740,#1741);
#1739 = CARTESIAN_POINT('',(-0.32,-0.32,-3.));
#1740 = DIRECTION('',(0.,1.,0.));
#1741 = DIRECTION('',(0.,-0.,1.));
#1742 = ADVANCED_FACE('',(#1743),#1761,.T.);
#1743 = FACE_BOUND('',#1744,.T.);
#1744 = EDGE_LOOP('',(#1745,#1746,#1747,#1755));
#1745 = ORIENTED_EDGE('',*,*,#1715,.F.);
#1746 = ORIENTED_EDGE('',*,*,#1293,.T.);
#1747 = ORIENTED_EDGE('',*,*,#1748,.T.);
#1748 = EDGE_CURVE('',#1286,#1749,#1751,.T.);
#1749 = VERTEX_POINT('',#1750);
#1750 = CARTESIAN_POINT('',(0.32,0.32,8.38));
#1751 = LINE('',#1752,#1753);
#1752 = CARTESIAN_POINT('',(0.32,0.32,-3.));
#1753 = VECTOR('',#1754,1.);
#1754 = DIRECTION('',(0.,0.,1.));
#1755 = ORIENTED_EDGE('',*,*,#1756,.F.);
#1756 = EDGE_CURVE('',#1716,#1749,#1757,.T.);
#1757 = LINE('',#1758,#1759);
#1758 = CARTESIAN_POINT('',(0.32,-0.32,8.38));
#1759 = VECTOR('',#1760,1.);
#1760 = DIRECTION('',(0.,1.,0.));
#1761 = PLANE('',#1762);
#1762 = AXIS2_PLACEMENT_3D('',#1763,#1764,#1765);
#1763 = CARTESIAN_POINT('',(0.32,-0.32,-3.));
#1764 = DIRECTION('',(1.,0.,0.));
#1765 = DIRECTION('',(0.,0.,1.));
#1766 = ADVANCED_FACE('',(#1767),#1785,.T.);
#1767 = FACE_BOUND('',#1768,.T.);
#1768 = EDGE_LOOP('',(#1769,#1770,#1771,#1779));
#1769 = ORIENTED_EDGE('',*,*,#1748,.F.);
#1770 = ORIENTED_EDGE('',*,*,#1285,.T.);
#1771 = ORIENTED_EDGE('',*,*,#1772,.T.);
#1772 = EDGE_CURVE('',#1278,#1773,#1775,.T.);
#1773 = VERTEX_POINT('',#1774);
#1774 = CARTESIAN_POINT('',(-0.32,0.32,8.38));
#1775 = LINE('',#1776,#1777);
#1776 = CARTESIAN_POINT('',(-0.32,0.32,-3.));
#1777 = VECTOR('',#1778,1.);
#1778 = DIRECTION('',(0.,0.,1.));
#1779 = ORIENTED_EDGE('',*,*,#1780,.T.);
#1780 = EDGE_CURVE('',#1773,#1749,#1781,.T.);
#1781 = LINE('',#1782,#1783);
#1782 = CARTESIAN_POINT('',(-0.32,0.32,8.38));
#1783 = VECTOR('',#1784,1.);
#1784 = DIRECTION('',(1.,0.,0.));
#1785 = PLANE('',#1786);
#1786 = AXIS2_PLACEMENT_3D('',#1787,#1788,#1789);
#1787 = CARTESIAN_POINT('',(-0.32,0.32,-3.));
#1788 = DIRECTION('',(0.,1.,0.));
#1789 = DIRECTION('',(0.,-0.,1.));
#1790 = ADVANCED_FACE('',(#1791),#1802,.F.);
#1791 = FACE_BOUND('',#1792,.F.);
#1792 = EDGE_LOOP('',(#1793,#1794,#1795,#1796));
#1793 = ORIENTED_EDGE('',*,*,#1724,.F.);
#1794 = ORIENTED_EDGE('',*,*,#1277,.T.);
#1795 = ORIENTED_EDGE('',*,*,#1772,.T.);
#1796 = ORIENTED_EDGE('',*,*,#1797,.F.);
#1797 = EDGE_CURVE('',#1725,#1773,#1798,.T.);
#1798 = LINE('',#1799,#1800);
#1799 = CARTESIAN_POINT('',(-0.32,-0.32,8.38));
#1800 = VECTOR('',#1801,1.);
#1801 = DIRECTION('',(0.,1.,0.));
#1802 = PLANE('',#1803);
#1803 = AXIS2_PLACEMENT_3D('',#1804,#1805,#1806);
#1804 = CARTESIAN_POINT('',(-0.32,-0.32,-3.));
#1805 = DIRECTION('',(1.,0.,0.));
#1806 = DIRECTION('',(0.,0.,1.));
#1807 = ADVANCED_FACE('',(#1808),#1833,.F.);
#1808 = FACE_BOUND('',#1809,.F.);
#1809 = EDGE_LOOP('',(#1810,#1818,#1819,#1827));
#1810 = ORIENTED_EDGE('',*,*,#1811,.F.);
#1811 = EDGE_CURVE('',#1302,#1812,#1814,.T.);
#1812 = VERTEX_POINT('',#1813);
#1813 = CARTESIAN_POINT('',(0.32,-2.86,8.38));
#1814 = LINE('',#1815,#1816);
#1815 = CARTESIAN_POINT('',(0.32,-2.86,-3.));
#1816 = VECTOR('',#1817,1.);
#1817 = DIRECTION('',(0.,0.,1.));
#1818 = ORIENTED_EDGE('',*,*,#1301,.T.);
#1819 = ORIENTED_EDGE('',*,*,#1820,.T.);
#1820 = EDGE_CURVE('',#1304,#1821,#1823,.T.);
#1821 = VERTEX_POINT('',#1822);
#1822 = CARTESIAN_POINT('',(-0.32,-2.86,8.38));
#1823 = LINE('',#1824,#1825);
#1824 = CARTESIAN_POINT('',(-0.32,-2.86,-3.));
#1825 = VECTOR('',#1826,1.);
#1826 = DIRECTION('',(0.,0.,1.));
#1827 = ORIENTED_EDGE('',*,*,#1828,.T.);
#1828 = EDGE_CURVE('',#1821,#1812,#1829,.T.);
#1829 = LINE('',#1830,#1831);
#1830 = CARTESIAN_POINT('',(-0.32,-2.86,8.38));
#1831 = VECTOR('',#1832,1.);
#1832 = DIRECTION('',(1.,0.,0.));
#1833 = PLANE('',#1834);
#1834 = AXIS2_PLACEMENT_3D('',#1835,#1836,#1837);
#1835 = CARTESIAN_POINT('',(-0.32,-2.86,-3.));
#1836 = DIRECTION('',(0.,1.,0.));
#1837 = DIRECTION('',(0.,-0.,1.));
#1838 = ADVANCED_FACE('',(#1839),#1857,.T.);
#1839 = FACE_BOUND('',#1840,.T.);
#1840 = EDGE_LOOP('',(#1841,#1842,#1843,#1851));
#1841 = ORIENTED_EDGE('',*,*,#1811,.F.);
#1842 = ORIENTED_EDGE('',*,*,#1327,.T.);
#1843 = ORIENTED_EDGE('',*,*,#1844,.T.);
#1844 = EDGE_CURVE('',#1320,#1845,#1847,.T.);
#1845 = VERTEX_POINT('',#1846);
#1846 = CARTESIAN_POINT('',(0.32,-2.22,8.38));
#1847 = LINE('',#1848,#1849);
#1848 = CARTESIAN_POINT('',(0.32,-2.22,-3.));
#1849 = VECTOR('',#1850,1.);
#1850 = DIRECTION('',(0.,0.,1.));
#1851 = ORIENTED_EDGE('',*,*,#1852,.F.);
#1852 = EDGE_CURVE('',#1812,#1845,#1853,.T.);
#1853 = LINE('',#1854,#1855);
#1854 = CARTESIAN_POINT('',(0.32,-2.86,8.38));
#1855 = VECTOR('',#1856,1.);
#1856 = DIRECTION('',(0.,1.,0.));
#1857 = PLANE('',#1858);
#1858 = AXIS2_PLACEMENT_3D('',#1859,#1860,#1861);
#1859 = CARTESIAN_POINT('',(0.32,-2.86,-3.));
#1860 = DIRECTION('',(1.,0.,0.));
#1861 = DIRECTION('',(0.,0.,1.));
#1862 = ADVANCED_FACE('',(#1863),#1881,.T.);
#1863 = FACE_BOUND('',#1864,.T.);
#1864 = EDGE_LOOP('',(#1865,#1866,#1867,#1875));
#1865 = ORIENTED_EDGE('',*,*,#1844,.F.);
#1866 = ORIENTED_EDGE('',*,*,#1319,.T.);
#1867 = ORIENTED_EDGE('',*,*,#1868,.T.);
#1868 = EDGE_CURVE('',#1312,#1869,#1871,.T.);
#1869 = VERTEX_POINT('',#1870);
#1870 = CARTESIAN_POINT('',(-0.32,-2.22,8.38));
#1871 = LINE('',#1872,#1873);
#1872 = CARTESIAN_POINT('',(-0.32,-2.22,-3.));
#1873 = VECTOR('',#1874,1.);
#1874 = DIRECTION('',(0.,0.,1.));
#1875 = ORIENTED_EDGE('',*,*,#1876,.T.);
#1876 = EDGE_CURVE('',#1869,#1845,#1877,.T.);
#1877 = LINE('',#1878,#1879);
#1878 = CARTESIAN_POINT('',(-0.32,-2.22,8.38));
#1879 = VECTOR('',#1880,1.);
#1880 = DIRECTION('',(1.,0.,0.));
#1881 = PLANE('',#1882);
#1882 = AXIS2_PLACEMENT_3D('',#1883,#1884,#1885);
#1883 = CARTESIAN_POINT('',(-0.32,-2.22,-3.));
#1884 = DIRECTION('',(0.,1.,0.));
#1885 = DIRECTION('',(0.,-0.,1.));
#1886 = ADVANCED_FACE('',(#1887),#1898,.F.);
#1887 = FACE_BOUND('',#1888,.F.);
#1888 = EDGE_LOOP('',(#1889,#1890,#1891,#1892));
#1889 = ORIENTED_EDGE('',*,*,#1820,.F.);
#1890 = ORIENTED_EDGE('',*,*,#1311,.T.);
#1891 = ORIENTED_EDGE('',*,*,#1868,.T.);
#1892 = ORIENTED_EDGE('',*,*,#1893,.F.);
#1893 = EDGE_CURVE('',#1821,#1869,#1894,.T.);
#1894 = LINE('',#1895,#1896);
#1895 = CARTESIAN_POINT('',(-0.32,-2.86,8.38));
#1896 = VECTOR('',#1897,1.);
#1897 = DIRECTION('',(0.,1.,0.));
#1898 = PLANE('',#1899);
#1899 = AXIS2_PLACEMENT_3D('',#1900,#1901,#1902);
#1900 = CARTESIAN_POINT('',(-0.32,-2.86,-3.));
#1901 = DIRECTION('',(1.,0.,0.));
#1902 = DIRECTION('',(0.,0.,1.));
#1903 = ADVANCED_FACE('',(#1904),#1929,.T.);
#1904 = FACE_BOUND('',#1905,.F.);
#1905 = EDGE_LOOP('',(#1906,#1914,#1915,#1923));
#1906 = ORIENTED_EDGE('',*,*,#1907,.F.);
#1907 = EDGE_CURVE('',#1532,#1908,#1910,.T.);
#1908 = VERTEX_POINT('',#1909);
#1909 = CARTESIAN_POINT('',(-0.16,-0.16,-3.));
#1910 = LINE('',#1911,#1912);
#1911 = CARTESIAN_POINT('',(-0.266666666667,-0.266666666667,
    -2.893333333333));
#1912 = VECTOR('',#1913,1.);
#1913 = DIRECTION('',(0.57735026919,0.57735026919,-0.57735026919));
#1914 = ORIENTED_EDGE('',*,*,#1531,.T.);
#1915 = ORIENTED_EDGE('',*,*,#1916,.T.);
#1916 = EDGE_CURVE('',#1524,#1917,#1919,.T.);
#1917 = VERTEX_POINT('',#1918);
#1918 = CARTESIAN_POINT('',(0.16,-0.16,-3.));
#1919 = LINE('',#1920,#1921);
#1920 = CARTESIAN_POINT('',(0.16,-0.16,-3.));
#1921 = VECTOR('',#1922,1.);
#1922 = DIRECTION('',(-0.57735026919,0.57735026919,-0.57735026919));
#1923 = ORIENTED_EDGE('',*,*,#1924,.F.);
#1924 = EDGE_CURVE('',#1908,#1917,#1925,.T.);
#1925 = LINE('',#1926,#1927);
#1926 = CARTESIAN_POINT('',(-0.32,-0.16,-3.));
#1927 = VECTOR('',#1928,1.);
#1928 = DIRECTION('',(1.,0.,0.));
#1929 = PLANE('',#1930);
#1930 = AXIS2_PLACEMENT_3D('',#1931,#1932,#1933);
#1931 = CARTESIAN_POINT('',(-0.32,-0.24,-2.92));
#1932 = DIRECTION('',(1.735167508357E-18,-0.707106781187,-0.707106781187
    ));
#1933 = DIRECTION('',(-1.,-1.226948711654E-18,-1.226948711654E-18));
#1934 = ADVANCED_FACE('',(#1935),#1953,.F.);
#1935 = FACE_BOUND('',#1936,.F.);
#1936 = EDGE_LOOP('',(#1937,#1938,#1939,#1947));
#1937 = ORIENTED_EDGE('',*,*,#1916,.F.);
#1938 = ORIENTED_EDGE('',*,*,#1555,.T.);
#1939 = ORIENTED_EDGE('',*,*,#1940,.T.);
#1940 = EDGE_CURVE('',#1556,#1941,#1943,.T.);
#1941 = VERTEX_POINT('',#1942);
#1942 = CARTESIAN_POINT('',(0.16,0.16,-3.));
#1943 = LINE('',#1944,#1945);
#1944 = CARTESIAN_POINT('',(5.333333333333E-02,5.333333333333E-02,
    -3.106666666667));
#1945 = VECTOR('',#1946,1.);
#1946 = DIRECTION('',(-0.57735026919,-0.57735026919,-0.57735026919));
#1947 = ORIENTED_EDGE('',*,*,#1948,.F.);
#1948 = EDGE_CURVE('',#1917,#1941,#1949,.T.);
#1949 = LINE('',#1950,#1951);
#1950 = CARTESIAN_POINT('',(0.16,-0.32,-3.));
#1951 = VECTOR('',#1952,1.);
#1952 = DIRECTION('',(0.,1.,0.));
#1953 = PLANE('',#1954);
#1954 = AXIS2_PLACEMENT_3D('',#1955,#1956,#1957);
#1955 = CARTESIAN_POINT('',(0.24,-0.32,-2.92));
#1956 = DIRECTION('',(-0.707106781187,1.735167508357E-18,0.707106781187)
  );
#1957 = DIRECTION('',(1.226948711654E-18,1.,-1.226948711654E-18));
#1958 = ADVANCED_FACE('',(#1959),#1977,.F.);
#1959 = FACE_BOUND('',#1960,.T.);
#1960 = EDGE_LOOP('',(#1961,#1969,#1970,#1971));
#1961 = ORIENTED_EDGE('',*,*,#1962,.F.);
#1962 = EDGE_CURVE('',#1580,#1963,#1965,.T.);
#1963 = VERTEX_POINT('',#1964);
#1964 = CARTESIAN_POINT('',(-0.16,0.16,-3.));
#1965 = LINE('',#1966,#1967);
#1966 = CARTESIAN_POINT('',(-0.16,0.16,-3.));
#1967 = VECTOR('',#1968,1.);
#1968 = DIRECTION('',(0.57735026919,-0.57735026919,-0.57735026919));
#1969 = ORIENTED_EDGE('',*,*,#1579,.T.);
#1970 = ORIENTED_EDGE('',*,*,#1940,.T.);
#1971 = ORIENTED_EDGE('',*,*,#1972,.F.);
#1972 = EDGE_CURVE('',#1963,#1941,#1973,.T.);
#1973 = LINE('',#1974,#1975);
#1974 = CARTESIAN_POINT('',(-0.32,0.16,-3.));
#1975 = VECTOR('',#1976,1.);
#1976 = DIRECTION('',(1.,0.,0.));
#1977 = PLANE('',#1978);
#1978 = AXIS2_PLACEMENT_3D('',#1979,#1980,#1981);
#1979 = CARTESIAN_POINT('',(-0.32,0.24,-2.92));
#1980 = DIRECTION('',(-1.735167508357E-18,-0.707106781187,0.707106781187
    ));
#1981 = DIRECTION('',(-1.,1.226948711654E-18,-1.226948711654E-18));
#1982 = ADVANCED_FACE('',(#1983),#1994,.T.);
#1983 = FACE_BOUND('',#1984,.T.);
#1984 = EDGE_LOOP('',(#1985,#1986,#1987,#1988));
#1985 = ORIENTED_EDGE('',*,*,#1907,.F.);
#1986 = ORIENTED_EDGE('',*,*,#1603,.T.);
#1987 = ORIENTED_EDGE('',*,*,#1962,.T.);
#1988 = ORIENTED_EDGE('',*,*,#1989,.F.);
#1989 = EDGE_CURVE('',#1908,#1963,#1990,.T.);
#1990 = LINE('',#1991,#1992);
#1991 = CARTESIAN_POINT('',(-0.16,-0.32,-3.));
#1992 = VECTOR('',#1993,1.);
#1993 = DIRECTION('',(0.,1.,0.));
#1994 = PLANE('',#1995);
#1995 = AXIS2_PLACEMENT_3D('',#1996,#1997,#1998);
#1996 = CARTESIAN_POINT('',(-0.24,-0.32,-2.92));
#1997 = DIRECTION('',(-0.707106781187,-1.735167508357E-18,
    -0.707106781187));
#1998 = DIRECTION('',(-1.226948711654E-18,1.,-1.226948711654E-18));
#1999 = ADVANCED_FACE('',(#2000),#2025,.T.);
#2000 = FACE_BOUND('',#2001,.F.);
#2001 = EDGE_LOOP('',(#2002,#2010,#2011,#2019));
#2002 = ORIENTED_EDGE('',*,*,#2003,.F.);
#2003 = EDGE_CURVE('',#1628,#2004,#2006,.T.);
#2004 = VERTEX_POINT('',#2005);
#2005 = CARTESIAN_POINT('',(-0.16,-2.7,-3.));
#2006 = LINE('',#2007,#2008);
#2007 = CARTESIAN_POINT('',(-0.266666666667,-2.806666666667,
    -2.893333333333));
#2008 = VECTOR('',#2009,1.);
#2009 = DIRECTION('',(0.57735026919,0.57735026919,-0.57735026919));
#2010 = ORIENTED_EDGE('',*,*,#1627,.T.);
#2011 = ORIENTED_EDGE('',*,*,#2012,.T.);
#2012 = EDGE_CURVE('',#1620,#2013,#2015,.T.);
#2013 = VERTEX_POINT('',#2014);
#2014 = CARTESIAN_POINT('',(0.16,-2.7,-3.));
#2015 = LINE('',#2016,#2017);
#2016 = CARTESIAN_POINT('',(0.16,-2.7,-3.));
#2017 = VECTOR('',#2018,1.);
#2018 = DIRECTION('',(-0.57735026919,0.57735026919,-0.57735026919));
#2019 = ORIENTED_EDGE('',*,*,#2020,.F.);
#2020 = EDGE_CURVE('',#2004,#2013,#2021,.T.);
#2021 = LINE('',#2022,#2023);
#2022 = CARTESIAN_POINT('',(-0.32,-2.7,-3.));
#2023 = VECTOR('',#2024,1.);
#2024 = DIRECTION('',(1.,0.,0.));
#2025 = PLANE('',#2026);
#2026 = AXIS2_PLACEMENT_3D('',#2027,#2028,#2029);
#2027 = CARTESIAN_POINT('',(-0.32,-2.78,-2.92));
#2028 = DIRECTION('',(1.735167508357E-18,-0.707106781187,-0.707106781187
    ));
#2029 = DIRECTION('',(-1.,-1.226948711654E-18,-1.226948711654E-18));
#2030 = ADVANCED_FACE('',(#2031),#2049,.F.);
#2031 = FACE_BOUND('',#2032,.F.);
#2032 = EDGE_LOOP('',(#2033,#2034,#2035,#2043));
#2033 = ORIENTED_EDGE('',*,*,#2012,.F.);
#2034 = ORIENTED_EDGE('',*,*,#1651,.T.);
#2035 = ORIENTED_EDGE('',*,*,#2036,.T.);
#2036 = EDGE_CURVE('',#1652,#2037,#2039,.T.);
#2037 = VERTEX_POINT('',#2038);
#2038 = CARTESIAN_POINT('',(0.16,-2.38,-3.));
#2039 = LINE('',#2040,#2041);
#2040 = CARTESIAN_POINT('',(5.333333333333E-02,-2.486666666667,
    -3.106666666667));
#2041 = VECTOR('',#2042,1.);
#2042 = DIRECTION('',(-0.57735026919,-0.57735026919,-0.57735026919));
#2043 = ORIENTED_EDGE('',*,*,#2044,.F.);
#2044 = EDGE_CURVE('',#2013,#2037,#2045,.T.);
#2045 = LINE('',#2046,#2047);
#2046 = CARTESIAN_POINT('',(0.16,-2.86,-3.));
#2047 = VECTOR('',#2048,1.);
#2048 = DIRECTION('',(0.,1.,0.));
#2049 = PLANE('',#2050);
#2050 = AXIS2_PLACEMENT_3D('',#2051,#2052,#2053);
#2051 = CARTESIAN_POINT('',(0.24,-2.86,-2.92));
#2052 = DIRECTION('',(-0.707106781187,1.735167508357E-18,0.707106781187)
  );
#2053 = DIRECTION('',(1.226948711654E-18,1.,-1.226948711654E-18));
#2054 = ADVANCED_FACE('',(#2055),#2073,.F.);
#2055 = FACE_BOUND('',#2056,.T.);
#2056 = EDGE_LOOP('',(#2057,#2065,#2066,#2067));
#2057 = ORIENTED_EDGE('',*,*,#2058,.F.);
#2058 = EDGE_CURVE('',#1676,#2059,#2061,.T.);
#2059 = VERTEX_POINT('',#2060);
#2060 = CARTESIAN_POINT('',(-0.16,-2.38,-3.));
#2061 = LINE('',#2062,#2063);
#2062 = CARTESIAN_POINT('',(-0.16,-2.38,-3.));
#2063 = VECTOR('',#2064,1.);
#2064 = DIRECTION('',(0.57735026919,-0.57735026919,-0.57735026919));
#2065 = ORIENTED_EDGE('',*,*,#1675,.T.);
#2066 = ORIENTED_EDGE('',*,*,#2036,.T.);
#2067 = ORIENTED_EDGE('',*,*,#2068,.F.);
#2068 = EDGE_CURVE('',#2059,#2037,#2069,.T.);
#2069 = LINE('',#2070,#2071);
#2070 = CARTESIAN_POINT('',(-0.32,-2.38,-3.));
#2071 = VECTOR('',#2072,1.);
#2072 = DIRECTION('',(1.,0.,0.));
#2073 = PLANE('',#2074);
#2074 = AXIS2_PLACEMENT_3D('',#2075,#2076,#2077);
#2075 = CARTESIAN_POINT('',(-0.32,-2.3,-2.92));
#2076 = DIRECTION('',(-1.735167508357E-18,-0.707106781187,0.707106781187
    ));
#2077 = DIRECTION('',(-1.,1.226948711654E-18,-1.226948711654E-18));
#2078 = ADVANCED_FACE('',(#2079),#2090,.T.);
#2079 = FACE_BOUND('',#2080,.T.);
#2080 = EDGE_LOOP('',(#2081,#2082,#2083,#2084));
#2081 = ORIENTED_EDGE('',*,*,#2003,.F.);
#2082 = ORIENTED_EDGE('',*,*,#1699,.T.);
#2083 = ORIENTED_EDGE('',*,*,#2058,.T.);
#2084 = ORIENTED_EDGE('',*,*,#2085,.F.);
#2085 = EDGE_CURVE('',#2004,#2059,#2086,.T.);
#2086 = LINE('',#2087,#2088);
#2087 = CARTESIAN_POINT('',(-0.16,-2.86,-3.));
#2088 = VECTOR('',#2089,1.);
#2089 = DIRECTION('',(0.,1.,0.));
#2090 = PLANE('',#2091);
#2091 = AXIS2_PLACEMENT_3D('',#2092,#2093,#2094);
#2092 = CARTESIAN_POINT('',(-0.24,-2.86,-2.92));
#2093 = DIRECTION('',(-0.707106781187,-1.735167508357E-18,
    -0.707106781187));
#2094 = DIRECTION('',(-1.226948711654E-18,1.,-1.226948711654E-18));
#2095 = ADVANCED_FACE('',(#2096),#2121,.F.);
#2096 = FACE_BOUND('',#2097,.T.);
#2097 = EDGE_LOOP('',(#2098,#2106,#2107,#2115));
#2098 = ORIENTED_EDGE('',*,*,#2099,.F.);
#2099 = EDGE_CURVE('',#1725,#2100,#2102,.T.);
#2100 = VERTEX_POINT('',#2101);
#2101 = CARTESIAN_POINT('',(-0.16,-0.16,8.54));
#2102 = LINE('',#2103,#2104);
#2103 = CARTESIAN_POINT('',(-0.266666666667,-0.266666666667,
    8.433333333333));
#2104 = VECTOR('',#2105,1.);
#2105 = DIRECTION('',(0.57735026919,0.57735026919,0.57735026919));
#2106 = ORIENTED_EDGE('',*,*,#1732,.T.);
#2107 = ORIENTED_EDGE('',*,*,#2108,.T.);
#2108 = EDGE_CURVE('',#1716,#2109,#2111,.T.);
#2109 = VERTEX_POINT('',#2110);
#2110 = CARTESIAN_POINT('',(0.16,-0.16,8.54));
#2111 = LINE('',#2112,#2113);
#2112 = CARTESIAN_POINT('',(0.16,-0.16,8.54));
#2113 = VECTOR('',#2114,1.);
#2114 = DIRECTION('',(-0.57735026919,0.57735026919,0.57735026919));
#2115 = ORIENTED_EDGE('',*,*,#2116,.F.);
#2116 = EDGE_CURVE('',#2100,#2109,#2117,.T.);
#2117 = LINE('',#2118,#2119);
#2118 = CARTESIAN_POINT('',(-0.32,-0.16,8.54));
#2119 = VECTOR('',#2120,1.);
#2120 = DIRECTION('',(1.,0.,0.));
#2121 = PLANE('',#2122);
#2122 = AXIS2_PLACEMENT_3D('',#2123,#2124,#2125);
#2123 = CARTESIAN_POINT('',(-0.32,-0.24,8.46));
#2124 = DIRECTION('',(-1.735167508357E-18,0.707106781187,-0.707106781187
    ));
#2125 = DIRECTION('',(-1.,-1.226948711654E-18,1.226948711654E-18));
#2126 = ADVANCED_FACE('',(#2127),#2145,.T.);
#2127 = FACE_BOUND('',#2128,.T.);
#2128 = EDGE_LOOP('',(#2129,#2130,#2131,#2139));
#2129 = ORIENTED_EDGE('',*,*,#2108,.F.);
#2130 = ORIENTED_EDGE('',*,*,#1756,.T.);
#2131 = ORIENTED_EDGE('',*,*,#2132,.T.);
#2132 = EDGE_CURVE('',#1749,#2133,#2135,.T.);
#2133 = VERTEX_POINT('',#2134);
#2134 = CARTESIAN_POINT('',(0.16,0.16,8.54));
#2135 = LINE('',#2136,#2137);
#2136 = CARTESIAN_POINT('',(5.333333333333E-02,5.333333333333E-02,
    8.646666666667));
#2137 = VECTOR('',#2138,1.);
#2138 = DIRECTION('',(-0.57735026919,-0.57735026919,0.57735026919));
#2139 = ORIENTED_EDGE('',*,*,#2140,.F.);
#2140 = EDGE_CURVE('',#2109,#2133,#2141,.T.);
#2141 = LINE('',#2142,#2143);
#2142 = CARTESIAN_POINT('',(0.16,-0.32,8.54));
#2143 = VECTOR('',#2144,1.);
#2144 = DIRECTION('',(0.,1.,0.));
#2145 = PLANE('',#2146);
#2146 = AXIS2_PLACEMENT_3D('',#2147,#2148,#2149);
#2147 = CARTESIAN_POINT('',(0.24,-0.32,8.46));
#2148 = DIRECTION('',(0.707106781187,-1.735167508357E-18,0.707106781187)
  );
#2149 = DIRECTION('',(1.226948711654E-18,1.,1.226948711654E-18));
#2150 = ADVANCED_FACE('',(#2151),#2169,.T.);
#2151 = FACE_BOUND('',#2152,.F.);
#2152 = EDGE_LOOP('',(#2153,#2161,#2162,#2163));
#2153 = ORIENTED_EDGE('',*,*,#2154,.F.);
#2154 = EDGE_CURVE('',#1773,#2155,#2157,.T.);
#2155 = VERTEX_POINT('',#2156);
#2156 = CARTESIAN_POINT('',(-0.16,0.16,8.54));
#2157 = LINE('',#2158,#2159);
#2158 = CARTESIAN_POINT('',(-0.16,0.16,8.54));
#2159 = VECTOR('',#2160,1.);
#2160 = DIRECTION('',(0.57735026919,-0.57735026919,0.57735026919));
#2161 = ORIENTED_EDGE('',*,*,#1780,.T.);
#2162 = ORIENTED_EDGE('',*,*,#2132,.T.);
#2163 = ORIENTED_EDGE('',*,*,#2164,.F.);
#2164 = EDGE_CURVE('',#2155,#2133,#2165,.T.);
#2165 = LINE('',#2166,#2167);
#2166 = CARTESIAN_POINT('',(-0.32,0.16,8.54));
#2167 = VECTOR('',#2168,1.);
#2168 = DIRECTION('',(1.,0.,0.));
#2169 = PLANE('',#2170);
#2170 = AXIS2_PLACEMENT_3D('',#2171,#2172,#2173);
#2171 = CARTESIAN_POINT('',(-0.32,0.24,8.46));
#2172 = DIRECTION('',(1.735167508357E-18,0.707106781187,0.707106781187)
  );
#2173 = DIRECTION('',(-1.,1.226948711654E-18,1.226948711654E-18));
#2174 = ADVANCED_FACE('',(#2175),#2186,.F.);
#2175 = FACE_BOUND('',#2176,.F.);
#2176 = EDGE_LOOP('',(#2177,#2178,#2179,#2180));
#2177 = ORIENTED_EDGE('',*,*,#2099,.F.);
#2178 = ORIENTED_EDGE('',*,*,#1797,.T.);
#2179 = ORIENTED_EDGE('',*,*,#2154,.T.);
#2180 = ORIENTED_EDGE('',*,*,#2181,.F.);
#2181 = EDGE_CURVE('',#2100,#2155,#2182,.T.);
#2182 = LINE('',#2183,#2184);
#2183 = CARTESIAN_POINT('',(-0.16,-0.32,8.54));
#2184 = VECTOR('',#2185,1.);
#2185 = DIRECTION('',(0.,1.,0.));
#2186 = PLANE('',#2187);
#2187 = AXIS2_PLACEMENT_3D('',#2188,#2189,#2190);
#2188 = CARTESIAN_POINT('',(-0.24,-0.32,8.46));
#2189 = DIRECTION('',(0.707106781187,1.735167508357E-18,-0.707106781187)
  );
#2190 = DIRECTION('',(-1.226948711654E-18,1.,1.226948711654E-18));
#2191 = ADVANCED_FACE('',(#2192),#2217,.F.);
#2192 = FACE_BOUND('',#2193,.T.);
#2193 = EDGE_LOOP('',(#2194,#2202,#2203,#2211));
#2194 = ORIENTED_EDGE('',*,*,#2195,.F.);
#2195 = EDGE_CURVE('',#1821,#2196,#2198,.T.);
#2196 = VERTEX_POINT('',#2197);
#2197 = CARTESIAN_POINT('',(-0.16,-2.7,8.54));
#2198 = LINE('',#2199,#2200);
#2199 = CARTESIAN_POINT('',(-0.266666666667,-2.806666666667,
    8.433333333333));
#2200 = VECTOR('',#2201,1.);
#2201 = DIRECTION('',(0.57735026919,0.57735026919,0.57735026919));
#2202 = ORIENTED_EDGE('',*,*,#1828,.T.);
#2203 = ORIENTED_EDGE('',*,*,#2204,.T.);
#2204 = EDGE_CURVE('',#1812,#2205,#2207,.T.);
#2205 = VERTEX_POINT('',#2206);
#2206 = CARTESIAN_POINT('',(0.16,-2.7,8.54));
#2207 = LINE('',#2208,#2209);
#2208 = CARTESIAN_POINT('',(0.16,-2.7,8.54));
#2209 = VECTOR('',#2210,1.);
#2210 = DIRECTION('',(-0.57735026919,0.57735026919,0.57735026919));
#2211 = ORIENTED_EDGE('',*,*,#2212,.F.);
#2212 = EDGE_CURVE('',#2196,#2205,#2213,.T.);
#2213 = LINE('',#2214,#2215);
#2214 = CARTESIAN_POINT('',(-0.32,-2.7,8.54));
#2215 = VECTOR('',#2216,1.);
#2216 = DIRECTION('',(1.,0.,0.));
#2217 = PLANE('',#2218);
#2218 = AXIS2_PLACEMENT_3D('',#2219,#2220,#2221);
#2219 = CARTESIAN_POINT('',(-0.32,-2.78,8.46));
#2220 = DIRECTION('',(-1.735167508357E-18,0.707106781187,-0.707106781187
    ));
#2221 = DIRECTION('',(-1.,-1.226948711654E-18,1.226948711654E-18));
#2222 = ADVANCED_FACE('',(#2223),#2241,.T.);
#2223 = FACE_BOUND('',#2224,.T.);
#2224 = EDGE_LOOP('',(#2225,#2226,#2227,#2235));
#2225 = ORIENTED_EDGE('',*,*,#2204,.F.);
#2226 = ORIENTED_EDGE('',*,*,#1852,.T.);
#2227 = ORIENTED_EDGE('',*,*,#2228,.T.);
#2228 = EDGE_CURVE('',#1845,#2229,#2231,.T.);
#2229 = VERTEX_POINT('',#2230);
#2230 = CARTESIAN_POINT('',(0.16,-2.38,8.54));
#2231 = LINE('',#2232,#2233);
#2232 = CARTESIAN_POINT('',(5.333333333333E-02,-2.486666666667,
    8.646666666667));
#2233 = VECTOR('',#2234,1.);
#2234 = DIRECTION('',(-0.57735026919,-0.57735026919,0.57735026919));
#2235 = ORIENTED_EDGE('',*,*,#2236,.F.);
#2236 = EDGE_CURVE('',#2205,#2229,#2237,.T.);
#2237 = LINE('',#2238,#2239);
#2238 = CARTESIAN_POINT('',(0.16,-2.86,8.54));
#2239 = VECTOR('',#2240,1.);
#2240 = DIRECTION('',(0.,1.,0.));
#2241 = PLANE('',#2242);
#2242 = AXIS2_PLACEMENT_3D('',#2243,#2244,#2245);
#2243 = CARTESIAN_POINT('',(0.24,-2.86,8.46));
#2244 = DIRECTION('',(0.707106781187,-1.735167508357E-18,0.707106781187)
  );
#2245 = DIRECTION('',(1.226948711654E-18,1.,1.226948711654E-18));
#2246 = ADVANCED_FACE('',(#2247),#2265,.T.);
#2247 = FACE_BOUND('',#2248,.F.);
#2248 = EDGE_LOOP('',(#2249,#2257,#2258,#2259));
#2249 = ORIENTED_EDGE('',*,*,#2250,.F.);
#2250 = EDGE_CURVE('',#1869,#2251,#2253,.T.);
#2251 = VERTEX_POINT('',#2252);
#2252 = CARTESIAN_POINT('',(-0.16,-2.38,8.54));
#2253 = LINE('',#2254,#2255);
#2254 = CARTESIAN_POINT('',(-0.16,-2.38,8.54));
#2255 = VECTOR('',#2256,1.);
#2256 = DIRECTION('',(0.57735026919,-0.57735026919,0.57735026919));
#2257 = ORIENTED_EDGE('',*,*,#1876,.T.);
#2258 = ORIENTED_EDGE('',*,*,#2228,.T.);
#2259 = ORIENTED_EDGE('',*,*,#2260,.F.);
#2260 = EDGE_CURVE('',#2251,#2229,#2261,.T.);
#2261 = LINE('',#2262,#2263);
#2262 = CARTESIAN_POINT('',(-0.32,-2.38,8.54));
#2263 = VECTOR('',#2264,1.);
#2264 = DIRECTION('',(1.,0.,0.));
#2265 = PLANE('',#2266);
#2266 = AXIS2_PLACEMENT_3D('',#2267,#2268,#2269);
#2267 = CARTESIAN_POINT('',(-0.32,-2.3,8.46));
#2268 = DIRECTION('',(1.735167508357E-18,0.707106781187,0.707106781187)
  );
#2269 = DIRECTION('',(-1.,1.226948711654E-18,1.226948711654E-18));
#2270 = ADVANCED_FACE('',(#2271),#2282,.F.);
#2271 = FACE_BOUND('',#2272,.F.);
#2272 = EDGE_LOOP('',(#2273,#2274,#2275,#2276));
#2273 = ORIENTED_EDGE('',*,*,#2195,.F.);
#2274 = ORIENTED_EDGE('',*,*,#1893,.T.);
#2275 = ORIENTED_EDGE('',*,*,#2250,.T.);
#2276 = ORIENTED_EDGE('',*,*,#2277,.F.);
#2277 = EDGE_CURVE('',#2196,#2251,#2278,.T.);
#2278 = LINE('',#2279,#2280);
#2279 = CARTESIAN_POINT('',(-0.16,-2.86,8.54));
#2280 = VECTOR('',#2281,1.);
#2281 = DIRECTION('',(0.,1.,0.));
#2282 = PLANE('',#2283);
#2283 = AXIS2_PLACEMENT_3D('',#2284,#2285,#2286);
#2284 = CARTESIAN_POINT('',(-0.24,-2.86,8.46));
#2285 = DIRECTION('',(0.707106781187,1.735167508357E-18,-0.707106781187)
  );
#2286 = DIRECTION('',(-1.226948711654E-18,1.,1.226948711654E-18));
#2287 = ADVANCED_FACE('',(#2288),#2294,.F.);
#2288 = FACE_BOUND('',#2289,.F.);
#2289 = EDGE_LOOP('',(#2290,#2291,#2292,#2293));
#2290 = ORIENTED_EDGE('',*,*,#1989,.F.);
#2291 = ORIENTED_EDGE('',*,*,#1924,.T.);
#2292 = ORIENTED_EDGE('',*,*,#1948,.T.);
#2293 = ORIENTED_EDGE('',*,*,#1972,.F.);
#2294 = PLANE('',#2295);
#2295 = AXIS2_PLACEMENT_3D('',#2296,#2297,#2298);
#2296 = CARTESIAN_POINT('',(-0.32,-0.32,-3.));
#2297 = DIRECTION('',(0.,0.,1.));
#2298 = DIRECTION('',(1.,0.,-0.));
#2299 = ADVANCED_FACE('',(#2300),#2306,.F.);
#2300 = FACE_BOUND('',#2301,.F.);
#2301 = EDGE_LOOP('',(#2302,#2303,#2304,#2305));
#2302 = ORIENTED_EDGE('',*,*,#2085,.F.);
#2303 = ORIENTED_EDGE('',*,*,#2020,.T.);
#2304 = ORIENTED_EDGE('',*,*,#2044,.T.);
#2305 = ORIENTED_EDGE('',*,*,#2068,.F.);
#2306 = PLANE('',#2307);
#2307 = AXIS2_PLACEMENT_3D('',#2308,#2309,#2310);
#2308 = CARTESIAN_POINT('',(-0.32,-2.86,-3.));
#2309 = DIRECTION('',(0.,0.,1.));
#2310 = DIRECTION('',(1.,0.,-0.));
#2311 = ADVANCED_FACE('',(#2312),#2318,.T.);
#2312 = FACE_BOUND('',#2313,.T.);
#2313 = EDGE_LOOP('',(#2314,#2315,#2316,#2317));
#2314 = ORIENTED_EDGE('',*,*,#2164,.F.);
#2315 = ORIENTED_EDGE('',*,*,#2181,.F.);
#2316 = ORIENTED_EDGE('',*,*,#2116,.T.);
#2317 = ORIENTED_EDGE('',*,*,#2140,.T.);
#2318 = PLANE('',#2319);
#2319 = AXIS2_PLACEMENT_3D('',#2320,#2321,#2322);
#2320 = CARTESIAN_POINT('',(-0.32,-0.32,8.54));
#2321 = DIRECTION('',(0.,0.,1.));
#2322 = DIRECTION('',(1.,0.,-0.));
#2323 = ADVANCED_FACE('',(#2324),#2330,.T.);
#2324 = FACE_BOUND('',#2325,.T.);
#2325 = EDGE_LOOP('',(#2326,#2327,#2328,#2329));
#2326 = ORIENTED_EDGE('',*,*,#2260,.F.);
#2327 = ORIENTED_EDGE('',*,*,#2277,.F.);
#2328 = ORIENTED_EDGE('',*,*,#2212,.T.);
#2329 = ORIENTED_EDGE('',*,*,#2236,.T.);
#2330 = PLANE('',#2331);
#2331 = AXIS2_PLACEMENT_3D('',#2332,#2333,#2334);
#2332 = CARTESIAN_POINT('',(-0.32,-2.86,8.54));
#2333 = DIRECTION('',(0.,0.,1.));
#2334 = DIRECTION('',(1.,0.,-0.));
#2335 = ( GEOMETRIC_REPRESENTATION_CONTEXT(3) 
GLOBAL_UNCERTAINTY_ASSIGNED_CONTEXT((#2339)) 
GLOBAL_UNIT_ASSIGNED_CONTEXT((#2336,#2337,#2338)) REPRESENTATION_CONTEXT
('Context #1','3D Context with UNIT and UNCERTAINTY') );
#2336 = ( LENGTH_UNIT() NAMED_UNIT(*) SI_UNIT(.MILLI.,.METRE.) );
#2337 = ( NAMED_UNIT(*) PLANE_ANGLE_UNIT() SI_UNIT($,.RADIAN.) );
#2338 = ( NAMED_UNIT(*) SI_UNIT($,.STERADIAN.) SOLID_ANGLE_UNIT() );
#2339 = UNCERTAINTY_MEASURE_WITH_UNIT(LENGTH_MEASURE(1.E-07),#2336,
  'distance_accuracy_value','confusion accuracy');
#2340 = CONTEXT_DEPENDENT_SHAPE_REPRESENTATION(#2341,#2343);
#2341 = ( REPRESENTATION_RELATIONSHIP('','',#902,#10) 
REPRESENTATION_RELATIONSHIP_WITH_TRANSFORMATION(#2342) 
SHAPE_REPRESENTATION_RELATIONSHIP() );
#2342 = ITEM_DEFINED_TRANSFORMATION('','',#11,#23);
#2343 = PRODUCT_DEFINITION_SHAPE('Placement','Placement of an item',
  #2344);
#2344 = NEXT_ASSEMBLY_USAGE_OCCURRENCE('3','J1','',#5,#897,$);
#2345 = PRODUCT_RELATED_PRODUCT_CATEGORY('part',$,(#899));
#2346 = CONTEXT_DEPENDENT_SHAPE_REPRESENTATION(#2347,#2349);
#2347 = ( REPRESENTATION_RELATIONSHIP('','',#458,#10) 
REPRESENTATION_RELATIONSHIP_WITH_TRANSFORMATION(#2348) 
SHAPE_REPRESENTATION_RELATIONSHIP() );
#2348 = ITEM_DEFINED_TRANSFORMATION('','',#11,#27);
#2349 = PRODUCT_DEFINITION_SHAPE('Placement','Placement of an item',
  #2350);
#2350 = NEXT_ASSEMBLY_USAGE_OCCURRENCE('4','D1','',#5,#453,$);
#2351 = SHAPE_DEFINITION_REPRESENTATION(#2352,#2358);
#2352 = PRODUCT_DEFINITION_SHAPE('','',#2353);
#2353 = PRODUCT_DEFINITION('design','',#2354,#2357);
#2354 = PRODUCT_DEFINITION_FORMATION('','',#2355);
#2355 = PRODUCT('PinHeader_1x03_P2.54mm_Vertical',
  'PinHeader_1x03_P2.54mm_Vertical','',(#2356));
#2356 = PRODUCT_CONTEXT('',#2,'mechanical');
#2357 = PRODUCT_DEFINITION_CONTEXT('part definition',#2,'design');
#2358 = ADVANCED_BREP_SHAPE_REPRESENTATION('',(#11,#2359),#4465);
#2359 = MANIFOLD_SOLID_BREP('',#2360);
#2360 = CLOSED_SHELL('',(#2361,#2401,#2432,#2463,#2710,#2957,#2974,#2991
    ,#3008,#3025,#3042,#3059,#3076,#3093,#3110,#3127,#3144,#3161,#3178,
    #3195,#3212,#3229,#3241,#3272,#3296,#3320,#3337,#3368,#3392,#3416,
    #3433,#3464,#3488,#3512,#3529,#3560,#3584,#3608,#3625,#3656,#3680,
    #3704,#3721,#3752,#3776,#3800,#3817,#3848,#3872,#3896,#3913,#3944,
    #3968,#3992,#4009,#4040,#4064,#4088,#4105,#4136,#4160,#4184,#4201,
    #4232,#4256,#4280,#4297,#4328,#4352,#4376,#4393,#4405,#4417,#4429,
    #4441,#4453));
#2361 = ADVANCED_FACE('',(#2362),#2396,.F.);
#2362 = FACE_BOUND('',#2363,.F.);
#2363 = EDGE_LOOP('',(#2364,#2374,#2382,#2390));
#2364 = ORIENTED_EDGE('',*,*,#2365,.T.);
#2365 = EDGE_CURVE('',#2366,#2368,#2370,.T.);
#2366 = VERTEX_POINT('',#2367);
#2367 = CARTESIAN_POINT('',(-1.016,1.27,0.));
#2368 = VERTEX_POINT('',#2369);
#2369 = CARTESIAN_POINT('',(-1.016,1.27,2.54));
#2370 = LINE('',#2371,#2372);
#2371 = CARTESIAN_POINT('',(-1.016,1.27,0.));
#2372 = VECTOR('',#2373,1.);
#2373 = DIRECTION('',(0.,0.,1.));
#2374 = ORIENTED_EDGE('',*,*,#2375,.T.);
#2375 = EDGE_CURVE('',#2368,#2376,#2378,.T.);
#2376 = VERTEX_POINT('',#2377);
#2377 = CARTESIAN_POINT('',(-1.27,1.016,2.54));
#2378 = LINE('',#2379,#2380);
#2379 = CARTESIAN_POINT('',(-1.016,1.27,2.54));
#2380 = VECTOR('',#2381,1.);
#2381 = DIRECTION('',(-0.707106781187,-0.707106781187,0.));
#2382 = ORIENTED_EDGE('',*,*,#2383,.F.);
#2383 = EDGE_CURVE('',#2384,#2376,#2386,.T.);
#2384 = VERTEX_POINT('',#2385);
#2385 = CARTESIAN_POINT('',(-1.27,1.016,0.));
#2386 = LINE('',#2387,#2388);
#2387 = CARTESIAN_POINT('',(-1.27,1.016,0.));
#2388 = VECTOR('',#2389,1.);
#2389 = DIRECTION('',(0.,0.,1.));
#2390 = ORIENTED_EDGE('',*,*,#2391,.F.);
#2391 = EDGE_CURVE('',#2366,#2384,#2392,.T.);
#2392 = LINE('',#2393,#2394);
#2393 = CARTESIAN_POINT('',(-1.016,1.27,0.));
#2394 = VECTOR('',#2395,1.);
#2395 = DIRECTION('',(-0.707106781187,-0.707106781187,0.));
#2396 = PLANE('',#2397);
#2397 = AXIS2_PLACEMENT_3D('',#2398,#2399,#2400);
#2398 = CARTESIAN_POINT('',(-1.016,1.27,0.));
#2399 = DIRECTION('',(0.707106781187,-0.707106781187,0.));
#2400 = DIRECTION('',(-0.707106781187,-0.707106781187,0.));
#2401 = ADVANCED_FACE('',(#2402),#2427,.F.);
#2402 = FACE_BOUND('',#2403,.F.);
#2403 = EDGE_LOOP('',(#2404,#2414,#2420,#2421));
#2404 = ORIENTED_EDGE('',*,*,#2405,.T.);
#2405 = EDGE_CURVE('',#2406,#2408,#2410,.T.);
#2406 = VERTEX_POINT('',#2407);
#2407 = CARTESIAN_POINT('',(1.016,1.27,0.));
#2408 = VERTEX_POINT('',#2409);
#2409 = CARTESIAN_POINT('',(1.016,1.27,2.54));
#2410 = LINE('',#2411,#2412);
#2411 = CARTESIAN_POINT('',(1.016,1.27,0.));
#2412 = VECTOR('',#2413,1.);
#2413 = DIRECTION('',(0.,0.,1.));
#2414 = ORIENTED_EDGE('',*,*,#2415,.T.);
#2415 = EDGE_CURVE('',#2408,#2368,#2416,.T.);
#2416 = LINE('',#2417,#2418);
#2417 = CARTESIAN_POINT('',(1.016,1.27,2.54));
#2418 = VECTOR('',#2419,1.);
#2419 = DIRECTION('',(-1.,0.,0.));
#2420 = ORIENTED_EDGE('',*,*,#2365,.F.);
#2421 = ORIENTED_EDGE('',*,*,#2422,.F.);
#2422 = EDGE_CURVE('',#2406,#2366,#2423,.T.);
#2423 = LINE('',#2424,#2425);
#2424 = CARTESIAN_POINT('',(1.016,1.27,0.));
#2425 = VECTOR('',#2426,1.);
#2426 = DIRECTION('',(-1.,0.,0.));
#2427 = PLANE('',#2428);
#2428 = AXIS2_PLACEMENT_3D('',#2429,#2430,#2431);
#2429 = CARTESIAN_POINT('',(1.016,1.27,0.));
#2430 = DIRECTION('',(0.,-1.,0.));
#2431 = DIRECTION('',(-1.,0.,0.));
#2432 = ADVANCED_FACE('',(#2433),#2458,.F.);
#2433 = FACE_BOUND('',#2434,.F.);
#2434 = EDGE_LOOP('',(#2435,#2436,#2444,#2452));
#2435 = ORIENTED_EDGE('',*,*,#2383,.T.);
#2436 = ORIENTED_EDGE('',*,*,#2437,.T.);
#2437 = EDGE_CURVE('',#2376,#2438,#2440,.T.);
#2438 = VERTEX_POINT('',#2439);
#2439 = CARTESIAN_POINT('',(-1.27,-1.016,2.54));
#2440 = LINE('',#2441,#2442);
#2441 = CARTESIAN_POINT('',(-1.27,1.016,2.54));
#2442 = VECTOR('',#2443,1.);
#2443 = DIRECTION('',(0.,-1.,0.));
#2444 = ORIENTED_EDGE('',*,*,#2445,.F.);
#2445 = EDGE_CURVE('',#2446,#2438,#2448,.T.);
#2446 = VERTEX_POINT('',#2447);
#2447 = CARTESIAN_POINT('',(-1.27,-1.016,0.));
#2448 = LINE('',#2449,#2450);
#2449 = CARTESIAN_POINT('',(-1.27,-1.016,0.));
#2450 = VECTOR('',#2451,1.);
#2451 = DIRECTION('',(0.,0.,1.));
#2452 = ORIENTED_EDGE('',*,*,#2453,.F.);
#2453 = EDGE_CURVE('',#2384,#2446,#2454,.T.);
#2454 = LINE('',#2455,#2456);
#2455 = CARTESIAN_POINT('',(-1.27,1.016,0.));
#2456 = VECTOR('',#2457,1.);
#2457 = DIRECTION('',(0.,-1.,0.));
#2458 = PLANE('',#2459);
#2459 = AXIS2_PLACEMENT_3D('',#2460,#2461,#2462);
#2460 = CARTESIAN_POINT('',(-1.27,1.016,0.));
#2461 = DIRECTION('',(1.,0.,0.));
#2462 = DIRECTION('',(0.,-1.,0.));
#2463 = ADVANCED_FACE('',(#2464,#2603,#2637,#2671),#2705,.F.);
#2464 = FACE_BOUND('',#2465,.F.);
#2465 = EDGE_LOOP('',(#2466,#2467,#2468,#2476,#2484,#2492,#2500,#2508,
    #2516,#2524,#2532,#2540,#2548,#2556,#2564,#2572,#2580,#2588,#2596,
    #2602));
#2466 = ORIENTED_EDGE('',*,*,#2391,.T.);
#2467 = ORIENTED_EDGE('',*,*,#2453,.T.);
#2468 = ORIENTED_EDGE('',*,*,#2469,.T.);
#2469 = EDGE_CURVE('',#2446,#2470,#2472,.T.);
#2470 = VERTEX_POINT('',#2471);
#2471 = CARTESIAN_POINT('',(-1.016,-1.27,0.));
#2472 = LINE('',#2473,#2474);
#2473 = CARTESIAN_POINT('',(-1.27,-1.016,0.));
#2474 = VECTOR('',#2475,1.);
#2475 = DIRECTION('',(0.707106781187,-0.707106781187,0.));
#2476 = ORIENTED_EDGE('',*,*,#2477,.T.);
#2477 = EDGE_CURVE('',#2470,#2478,#2480,.T.);
#2478 = VERTEX_POINT('',#2479);
#2479 = CARTESIAN_POINT('',(-1.27,-1.524,0.));
#2480 = LINE('',#2481,#2482);
#2481 = CARTESIAN_POINT('',(-1.016,-1.27,0.));
#2482 = VECTOR('',#2483,1.);
#2483 = DIRECTION('',(-0.707106781187,-0.707106781187,0.));
#2484 = ORIENTED_EDGE('',*,*,#2485,.T.);
#2485 = EDGE_CURVE('',#2478,#2486,#2488,.T.);
#2486 = VERTEX_POINT('',#2487);
#2487 = CARTESIAN_POINT('',(-1.27,-3.556,0.));
#2488 = LINE('',#2489,#2490);
#2489 = CARTESIAN_POINT('',(-1.27,-1.524,0.));
#2490 = VECTOR('',#2491,1.);
#2491 = DIRECTION('',(0.,-1.,0.));
#2492 = ORIENTED_EDGE('',*,*,#2493,.T.);
#2493 = EDGE_CURVE('',#2486,#2494,#2496,.T.);
#2494 = VERTEX_POINT('',#2495);
#2495 = CARTESIAN_POINT('',(-1.016,-3.81,0.));
#2496 = LINE('',#2497,#2498);
#2497 = CARTESIAN_POINT('',(-1.27,-3.556,0.));
#2498 = VECTOR('',#2499,1.);
#2499 = DIRECTION('',(0.707106781187,-0.707106781187,0.));
#2500 = ORIENTED_EDGE('',*,*,#2501,.T.);
#2501 = EDGE_CURVE('',#2494,#2502,#2504,.T.);
#2502 = VERTEX_POINT('',#2503);
#2503 = CARTESIAN_POINT('',(-1.27,-4.064,0.));
#2504 = LINE('',#2505,#2506);
#2505 = CARTESIAN_POINT('',(-1.016,-3.81,0.));
#2506 = VECTOR('',#2507,1.);
#2507 = DIRECTION('',(-0.707106781187,-0.707106781187,0.));
#2508 = ORIENTED_EDGE('',*,*,#2509,.T.);
#2509 = EDGE_CURVE('',#2502,#2510,#2512,.T.);
#2510 = VERTEX_POINT('',#2511);
#2511 = CARTESIAN_POINT('',(-1.27,-6.096,0.));
#2512 = LINE('',#2513,#2514);
#2513 = CARTESIAN_POINT('',(-1.27,-4.064,0.));
#2514 = VECTOR('',#2515,1.);
#2515 = DIRECTION('',(0.,-1.,0.));
#2516 = ORIENTED_EDGE('',*,*,#2517,.T.);
#2517 = EDGE_CURVE('',#2510,#2518,#2520,.T.);
#2518 = VERTEX_POINT('',#2519);
#2519 = CARTESIAN_POINT('',(-1.016,-6.35,0.));
#2520 = LINE('',#2521,#2522);
#2521 = CARTESIAN_POINT('',(-1.27,-6.096,0.));
#2522 = VECTOR('',#2523,1.);
#2523 = DIRECTION('',(0.707106781187,-0.707106781187,0.));
#2524 = ORIENTED_EDGE('',*,*,#2525,.T.);
#2525 = EDGE_CURVE('',#2518,#2526,#2528,.T.);
#2526 = VERTEX_POINT('',#2527);
#2527 = CARTESIAN_POINT('',(1.016,-6.35,0.));
#2528 = LINE('',#2529,#2530);
#2529 = CARTESIAN_POINT('',(-1.016,-6.35,0.));
#2530 = VECTOR('',#2531,1.);
#2531 = DIRECTION('',(1.,0.,0.));
#2532 = ORIENTED_EDGE('',*,*,#2533,.T.);
#2533 = EDGE_CURVE('',#2526,#2534,#2536,.T.);
#2534 = VERTEX_POINT('',#2535);
#2535 = CARTESIAN_POINT('',(1.27,-6.096,0.));
#2536 = LINE('',#2537,#2538);
#2537 = CARTESIAN_POINT('',(1.016,-6.35,0.));
#2538 = VECTOR('',#2539,1.);
#2539 = DIRECTION('',(0.707106781187,0.707106781187,0.));
#2540 = ORIENTED_EDGE('',*,*,#2541,.T.);
#2541 = EDGE_CURVE('',#2534,#2542,#2544,.T.);
#2542 = VERTEX_POINT('',#2543);
#2543 = CARTESIAN_POINT('',(1.27,-4.064,0.));
#2544 = LINE('',#2545,#2546);
#2545 = CARTESIAN_POINT('',(1.27,-6.096,0.));
#2546 = VECTOR('',#2547,1.);
#2547 = DIRECTION('',(0.,1.,0.));
#2548 = ORIENTED_EDGE('',*,*,#2549,.T.);
#2549 = EDGE_CURVE('',#2542,#2550,#2552,.T.);
#2550 = VERTEX_POINT('',#2551);
#2551 = CARTESIAN_POINT('',(1.016,-3.81,0.));
#2552 = LINE('',#2553,#2554);
#2553 = CARTESIAN_POINT('',(1.27,-4.064,0.));
#2554 = VECTOR('',#2555,1.);
#2555 = DIRECTION('',(-0.707106781187,0.707106781187,0.));
#2556 = ORIENTED_EDGE('',*,*,#2557,.T.);
#2557 = EDGE_CURVE('',#2550,#2558,#2560,.T.);
#2558 = VERTEX_POINT('',#2559);
#2559 = CARTESIAN_POINT('',(1.27,-3.556,0.));
#2560 = LINE('',#2561,#2562);
#2561 = CARTESIAN_POINT('',(1.016,-3.81,0.));
#2562 = VECTOR('',#2563,1.);
#2563 = DIRECTION('',(0.707106781187,0.707106781187,0.));
#2564 = ORIENTED_EDGE('',*,*,#2565,.T.);
#2565 = EDGE_CURVE('',#2558,#2566,#2568,.T.);
#2566 = VERTEX_POINT('',#2567);
#2567 = CARTESIAN_POINT('',(1.27,-1.524,0.));
#2568 = LINE('',#2569,#2570);
#2569 = CARTESIAN_POINT('',(1.27,-3.556,0.));
#2570 = VECTOR('',#2571,1.);
#2571 = DIRECTION('',(0.,1.,0.));
#2572 = ORIENTED_EDGE('',*,*,#2573,.T.);
#2573 = EDGE_CURVE('',#2566,#2574,#2576,.T.);
#2574 = VERTEX_POINT('',#2575);
#2575 = CARTESIAN_POINT('',(1.016,-1.27,0.));
#2576 = LINE('',#2577,#2578);
#2577 = CARTESIAN_POINT('',(1.27,-1.524,0.));
#2578 = VECTOR('',#2579,1.);
#2579 = DIRECTION('',(-0.707106781187,0.707106781187,0.));
#2580 = ORIENTED_EDGE('',*,*,#2581,.T.);
#2581 = EDGE_CURVE('',#2574,#2582,#2584,.T.);
#2582 = VERTEX_POINT('',#2583);
#2583 = CARTESIAN_POINT('',(1.27,-1.016,0.));
#2584 = LINE('',#2585,#2586);
#2585 = CARTESIAN_POINT('',(1.016,-1.27,0.));
#2586 = VECTOR('',#2587,1.);
#2587 = DIRECTION('',(0.707106781187,0.707106781187,0.));
#2588 = ORIENTED_EDGE('',*,*,#2589,.T.);
#2589 = EDGE_CURVE('',#2582,#2590,#2592,.T.);
#2590 = VERTEX_POINT('',#2591);
#2591 = CARTESIAN_POINT('',(1.27,1.016,0.));
#2592 = LINE('',#2593,#2594);
#2593 = CARTESIAN_POINT('',(1.27,-1.016,0.));
#2594 = VECTOR('',#2595,1.);
#2595 = DIRECTION('',(0.,1.,0.));
#2596 = ORIENTED_EDGE('',*,*,#2597,.T.);
#2597 = EDGE_CURVE('',#2590,#2406,#2598,.T.);
#2598 = LINE('',#2599,#2600);
#2599 = CARTESIAN_POINT('',(1.27,1.016,0.));
#2600 = VECTOR('',#2601,1.);
#2601 = DIRECTION('',(-0.707106781187,0.707106781187,0.));
#2602 = ORIENTED_EDGE('',*,*,#2422,.T.);
#2603 = FACE_BOUND('',#2604,.F.);
#2604 = EDGE_LOOP('',(#2605,#2615,#2623,#2631));
#2605 = ORIENTED_EDGE('',*,*,#2606,.F.);
#2606 = EDGE_CURVE('',#2607,#2609,#2611,.T.);
#2607 = VERTEX_POINT('',#2608);
#2608 = CARTESIAN_POINT('',(0.32,-0.32,0.));
#2609 = VERTEX_POINT('',#2610);
#2610 = CARTESIAN_POINT('',(0.32,0.32,0.));
#2611 = LINE('',#2612,#2613);
#2612 = CARTESIAN_POINT('',(0.32,-1.43,0.));
#2613 = VECTOR('',#2614,1.);
#2614 = DIRECTION('',(0.,1.,0.));
#2615 = ORIENTED_EDGE('',*,*,#2616,.T.);
#2616 = EDGE_CURVE('',#2607,#2617,#2619,.T.);
#2617 = VERTEX_POINT('',#2618);
#2618 = CARTESIAN_POINT('',(-0.32,-0.32,0.));
#2619 = LINE('',#2620,#2621);
#2620 = CARTESIAN_POINT('',(-0.16,-0.32,0.));
#2621 = VECTOR('',#2622,1.);
#2622 = DIRECTION('',(-1.,0.,0.));
#2623 = ORIENTED_EDGE('',*,*,#2624,.T.);
#2624 = EDGE_CURVE('',#2617,#2625,#2627,.T.);
#2625 = VERTEX_POINT('',#2626);
#2626 = CARTESIAN_POINT('',(-0.32,0.32,0.));
#2627 = LINE('',#2628,#2629);
#2628 = CARTESIAN_POINT('',(-0.32,-1.43,0.));
#2629 = VECTOR('',#2630,1.);
#2630 = DIRECTION('',(0.,1.,0.));
#2631 = ORIENTED_EDGE('',*,*,#2632,.F.);
#2632 = EDGE_CURVE('',#2609,#2625,#2633,.T.);
#2633 = LINE('',#2634,#2635);
#2634 = CARTESIAN_POINT('',(-0.16,0.32,0.));
#2635 = VECTOR('',#2636,1.);
#2636 = DIRECTION('',(-1.,0.,0.));
#2637 = FACE_BOUND('',#2638,.F.);
#2638 = EDGE_LOOP('',(#2639,#2649,#2657,#2665));
#2639 = ORIENTED_EDGE('',*,*,#2640,.T.);
#2640 = EDGE_CURVE('',#2641,#2643,#2645,.T.);
#2641 = VERTEX_POINT('',#2642);
#2642 = CARTESIAN_POINT('',(0.32,-2.86,0.));
#2643 = VERTEX_POINT('',#2644);
#2644 = CARTESIAN_POINT('',(-0.32,-2.86,0.));
#2645 = LINE('',#2646,#2647);
#2646 = CARTESIAN_POINT('',(-0.16,-2.86,0.));
#2647 = VECTOR('',#2648,1.);
#2648 = DIRECTION('',(-1.,0.,0.));
#2649 = ORIENTED_EDGE('',*,*,#2650,.T.);
#2650 = EDGE_CURVE('',#2643,#2651,#2653,.T.);
#2651 = VERTEX_POINT('',#2652);
#2652 = CARTESIAN_POINT('',(-0.32,-2.22,0.));
#2653 = LINE('',#2654,#2655);
#2654 = CARTESIAN_POINT('',(-0.32,-2.7,0.));
#2655 = VECTOR('',#2656,1.);
#2656 = DIRECTION('',(0.,1.,0.));
#2657 = ORIENTED_EDGE('',*,*,#2658,.F.);
#2658 = EDGE_CURVE('',#2659,#2651,#2661,.T.);
#2659 = VERTEX_POINT('',#2660);
#2660 = CARTESIAN_POINT('',(0.32,-2.22,0.));
#2661 = LINE('',#2662,#2663);
#2662 = CARTESIAN_POINT('',(-0.16,-2.22,0.));
#2663 = VECTOR('',#2664,1.);
#2664 = DIRECTION('',(-1.,0.,0.));
#2665 = ORIENTED_EDGE('',*,*,#2666,.F.);
#2666 = EDGE_CURVE('',#2641,#2659,#2667,.T.);
#2667 = LINE('',#2668,#2669);
#2668 = CARTESIAN_POINT('',(0.32,-2.7,0.));
#2669 = VECTOR('',#2670,1.);
#2670 = DIRECTION('',(0.,1.,0.));
#2671 = FACE_BOUND('',#2672,.F.);
#2672 = EDGE_LOOP('',(#2673,#2683,#2691,#2699));
#2673 = ORIENTED_EDGE('',*,*,#2674,.F.);
#2674 = EDGE_CURVE('',#2675,#2677,#2679,.T.);
#2675 = VERTEX_POINT('',#2676);
#2676 = CARTESIAN_POINT('',(0.32,-4.76,0.));
#2677 = VERTEX_POINT('',#2678);
#2678 = CARTESIAN_POINT('',(-0.32,-4.76,0.));
#2679 = LINE('',#2680,#2681);
#2680 = CARTESIAN_POINT('',(-0.16,-4.76,0.));
#2681 = VECTOR('',#2682,1.);
#2682 = DIRECTION('',(-1.,0.,0.));
#2683 = ORIENTED_EDGE('',*,*,#2684,.F.);
#2684 = EDGE_CURVE('',#2685,#2675,#2687,.T.);
#2685 = VERTEX_POINT('',#2686);
#2686 = CARTESIAN_POINT('',(0.32,-5.4,0.));
#2687 = LINE('',#2688,#2689);
#2688 = CARTESIAN_POINT('',(0.32,-3.97,0.));
#2689 = VECTOR('',#2690,1.);
#2690 = DIRECTION('',(0.,1.,0.));
#2691 = ORIENTED_EDGE('',*,*,#2692,.T.);
#2692 = EDGE_CURVE('',#2685,#2693,#2695,.T.);
#2693 = VERTEX_POINT('',#2694);
#2694 = CARTESIAN_POINT('',(-0.32,-5.4,0.));
#2695 = LINE('',#2696,#2697);
#2696 = CARTESIAN_POINT('',(-0.16,-5.4,0.));
#2697 = VECTOR('',#2698,1.);
#2698 = DIRECTION('',(-1.,0.,0.));
#2699 = ORIENTED_EDGE('',*,*,#2700,.T.);
#2700 = EDGE_CURVE('',#2693,#2677,#2701,.T.);
#2701 = LINE('',#2702,#2703);
#2702 = CARTESIAN_POINT('',(-0.32,-3.97,0.));
#2703 = VECTOR('',#2704,1.);
#2704 = DIRECTION('',(0.,1.,0.));
#2705 = PLANE('',#2706);
#2706 = AXIS2_PLACEMENT_3D('',#2707,#2708,#2709);
#2707 = CARTESIAN_POINT('',(5.398204781459E-17,-2.54,0.));
#2708 = DIRECTION('',(0.,0.,1.));
#2709 = DIRECTION('',(1.,0.,-0.));
#2710 = ADVANCED_FACE('',(#2711,#2850,#2884,#2918),#2952,.T.);
#2711 = FACE_BOUND('',#2712,.T.);
#2712 = EDGE_LOOP('',(#2713,#2714,#2715,#2723,#2731,#2739,#2747,#2755,
    #2763,#2771,#2779,#2787,#2795,#2803,#2811,#2819,#2827,#2835,#2843,
    #2849));
#2713 = ORIENTED_EDGE('',*,*,#2375,.T.);
#2714 = ORIENTED_EDGE('',*,*,#2437,.T.);
#2715 = ORIENTED_EDGE('',*,*,#2716,.T.);
#2716 = EDGE_CURVE('',#2438,#2717,#2719,.T.);
#2717 = VERTEX_POINT('',#2718);
#2718 = CARTESIAN_POINT('',(-1.016,-1.27,2.54));
#2719 = LINE('',#2720,#2721);
#2720 = CARTESIAN_POINT('',(-1.27,-1.016,2.54));
#2721 = VECTOR('',#2722,1.);
#2722 = DIRECTION('',(0.707106781187,-0.707106781187,0.));
#2723 = ORIENTED_EDGE('',*,*,#2724,.T.);
#2724 = EDGE_CURVE('',#2717,#2725,#2727,.T.);
#2725 = VERTEX_POINT('',#2726);
#2726 = CARTESIAN_POINT('',(-1.27,-1.524,2.54));
#2727 = LINE('',#2728,#2729);
#2728 = CARTESIAN_POINT('',(-1.016,-1.27,2.54));
#2729 = VECTOR('',#2730,1.);
#2730 = DIRECTION('',(-0.707106781187,-0.707106781187,0.));
#2731 = ORIENTED_EDGE('',*,*,#2732,.T.);
#2732 = EDGE_CURVE('',#2725,#2733,#2735,.T.);
#2733 = VERTEX_POINT('',#2734);
#2734 = CARTESIAN_POINT('',(-1.27,-3.556,2.54));
#2735 = LINE('',#2736,#2737);
#2736 = CARTESIAN_POINT('',(-1.27,-1.524,2.54));
#2737 = VECTOR('',#2738,1.);
#2738 = DIRECTION('',(0.,-1.,0.));
#2739 = ORIENTED_EDGE('',*,*,#2740,.T.);
#2740 = EDGE_CURVE('',#2733,#2741,#2743,.T.);
#2741 = VERTEX_POINT('',#2742);
#2742 = CARTESIAN_POINT('',(-1.016,-3.81,2.54));
#2743 = LINE('',#2744,#2745);
#2744 = CARTESIAN_POINT('',(-1.27,-3.556,2.54));
#2745 = VECTOR('',#2746,1.);
#2746 = DIRECTION('',(0.707106781187,-0.707106781187,0.));
#2747 = ORIENTED_EDGE('',*,*,#2748,.T.);
#2748 = EDGE_CURVE('',#2741,#2749,#2751,.T.);
#2749 = VERTEX_POINT('',#2750);
#2750 = CARTESIAN_POINT('',(-1.27,-4.064,2.54));
#2751 = LINE('',#2752,#2753);
#2752 = CARTESIAN_POINT('',(-1.016,-3.81,2.54));
#2753 = VECTOR('',#2754,1.);
#2754 = DIRECTION('',(-0.707106781187,-0.707106781187,0.));
#2755 = ORIENTED_EDGE('',*,*,#2756,.T.);
#2756 = EDGE_CURVE('',#2749,#2757,#2759,.T.);
#2757 = VERTEX_POINT('',#2758);
#2758 = CARTESIAN_POINT('',(-1.27,-6.096,2.54));
#2759 = LINE('',#2760,#2761);
#2760 = CARTESIAN_POINT('',(-1.27,-4.064,2.54));
#2761 = VECTOR('',#2762,1.);
#2762 = DIRECTION('',(0.,-1.,0.));
#2763 = ORIENTED_EDGE('',*,*,#2764,.T.);
#2764 = EDGE_CURVE('',#2757,#2765,#2767,.T.);
#2765 = VERTEX_POINT('',#2766);
#2766 = CARTESIAN_POINT('',(-1.016,-6.35,2.54));
#2767 = LINE('',#2768,#2769);
#2768 = CARTESIAN_POINT('',(-1.27,-6.096,2.54));
#2769 = VECTOR('',#2770,1.);
#2770 = DIRECTION('',(0.707106781187,-0.707106781187,0.));
#2771 = ORIENTED_EDGE('',*,*,#2772,.T.);
#2772 = EDGE_CURVE('',#2765,#2773,#2775,.T.);
#2773 = VERTEX_POINT('',#2774);
#2774 = CARTESIAN_POINT('',(1.016,-6.35,2.54));
#2775 = LINE('',#2776,#2777);
#2776 = CARTESIAN_POINT('',(-1.016,-6.35,2.54));
#2777 = VECTOR('',#2778,1.);
#2778 = DIRECTION('',(1.,0.,0.));
#2779 = ORIENTED_EDGE('',*,*,#2780,.T.);
#2780 = EDGE_CURVE('',#2773,#2781,#2783,.T.);
#2781 = VERTEX_POINT('',#2782);
#2782 = CARTESIAN_POINT('',(1.27,-6.096,2.54));
#2783 = LINE('',#2784,#2785);
#2784 = CARTESIAN_POINT('',(1.016,-6.35,2.54));
#2785 = VECTOR('',#2786,1.);
#2786 = DIRECTION('',(0.707106781187,0.707106781187,0.));
#2787 = ORIENTED_EDGE('',*,*,#2788,.T.);
#2788 = EDGE_CURVE('',#2781,#2789,#2791,.T.);
#2789 = VERTEX_POINT('',#2790);
#2790 = CARTESIAN_POINT('',(1.27,-4.064,2.54));
#2791 = LINE('',#2792,#2793);
#2792 = CARTESIAN_POINT('',(1.27,-6.096,2.54));
#2793 = VECTOR('',#2794,1.);
#2794 = DIRECTION('',(0.,1.,0.));
#2795 = ORIENTED_EDGE('',*,*,#2796,.T.);
#2796 = EDGE_CURVE('',#2789,#2797,#2799,.T.);
#2797 = VERTEX_POINT('',#2798);
#2798 = CARTESIAN_POINT('',(1.016,-3.81,2.54));
#2799 = LINE('',#2800,#2801);
#2800 = CARTESIAN_POINT('',(1.27,-4.064,2.54));
#2801 = VECTOR('',#2802,1.);
#2802 = DIRECTION('',(-0.707106781187,0.707106781187,0.));
#2803 = ORIENTED_EDGE('',*,*,#2804,.T.);
#2804 = EDGE_CURVE('',#2797,#2805,#2807,.T.);
#2805 = VERTEX_POINT('',#2806);
#2806 = CARTESIAN_POINT('',(1.27,-3.556,2.54));
#2807 = LINE('',#2808,#2809);
#2808 = CARTESIAN_POINT('',(1.016,-3.81,2.54));
#2809 = VECTOR('',#2810,1.);
#2810 = DIRECTION('',(0.707106781187,0.707106781187,0.));
#2811 = ORIENTED_EDGE('',*,*,#2812,.T.);
#2812 = EDGE_CURVE('',#2805,#2813,#2815,.T.);
#2813 = VERTEX_POINT('',#2814);
#2814 = CARTESIAN_POINT('',(1.27,-1.524,2.54));
#2815 = LINE('',#2816,#2817);
#2816 = CARTESIAN_POINT('',(1.27,-3.556,2.54));
#2817 = VECTOR('',#2818,1.);
#2818 = DIRECTION('',(0.,1.,0.));
#2819 = ORIENTED_EDGE('',*,*,#2820,.T.);
#2820 = EDGE_CURVE('',#2813,#2821,#2823,.T.);
#2821 = VERTEX_POINT('',#2822);
#2822 = CARTESIAN_POINT('',(1.016,-1.27,2.54));
#2823 = LINE('',#2824,#2825);
#2824 = CARTESIAN_POINT('',(1.27,-1.524,2.54));
#2825 = VECTOR('',#2826,1.);
#2826 = DIRECTION('',(-0.707106781187,0.707106781187,0.));
#2827 = ORIENTED_EDGE('',*,*,#2828,.T.);
#2828 = EDGE_CURVE('',#2821,#2829,#2831,.T.);
#2829 = VERTEX_POINT('',#2830);
#2830 = CARTESIAN_POINT('',(1.27,-1.016,2.54));
#2831 = LINE('',#2832,#2833);
#2832 = CARTESIAN_POINT('',(1.016,-1.27,2.54));
#2833 = VECTOR('',#2834,1.);
#2834 = DIRECTION('',(0.707106781187,0.707106781187,0.));
#2835 = ORIENTED_EDGE('',*,*,#2836,.T.);
#2836 = EDGE_CURVE('',#2829,#2837,#2839,.T.);
#2837 = VERTEX_POINT('',#2838);
#2838 = CARTESIAN_POINT('',(1.27,1.016,2.54));
#2839 = LINE('',#2840,#2841);
#2840 = CARTESIAN_POINT('',(1.27,-1.016,2.54));
#2841 = VECTOR('',#2842,1.);
#2842 = DIRECTION('',(0.,1.,0.));
#2843 = ORIENTED_EDGE('',*,*,#2844,.T.);
#2844 = EDGE_CURVE('',#2837,#2408,#2845,.T.);
#2845 = LINE('',#2846,#2847);
#2846 = CARTESIAN_POINT('',(1.27,1.016,2.54));
#2847 = VECTOR('',#2848,1.);
#2848 = DIRECTION('',(-0.707106781187,0.707106781187,0.));
#2849 = ORIENTED_EDGE('',*,*,#2415,.T.);
#2850 = FACE_BOUND('',#2851,.T.);
#2851 = EDGE_LOOP('',(#2852,#2862,#2870,#2878));
#2852 = ORIENTED_EDGE('',*,*,#2853,.F.);
#2853 = EDGE_CURVE('',#2854,#2856,#2858,.T.);
#2854 = VERTEX_POINT('',#2855);
#2855 = CARTESIAN_POINT('',(0.32,-0.32,2.54));
#2856 = VERTEX_POINT('',#2857);
#2857 = CARTESIAN_POINT('',(0.32,0.32,2.54));
#2858 = LINE('',#2859,#2860);
#2859 = CARTESIAN_POINT('',(0.32,-1.43,2.54));
#2860 = VECTOR('',#2861,1.);
#2861 = DIRECTION('',(0.,1.,0.));
#2862 = ORIENTED_EDGE('',*,*,#2863,.T.);
#2863 = EDGE_CURVE('',#2854,#2864,#2866,.T.);
#2864 = VERTEX_POINT('',#2865);
#2865 = CARTESIAN_POINT('',(-0.32,-0.32,2.54));
#2866 = LINE('',#2867,#2868);
#2867 = CARTESIAN_POINT('',(-0.16,-0.32,2.54));
#2868 = VECTOR('',#2869,1.);
#2869 = DIRECTION('',(-1.,0.,0.));
#2870 = ORIENTED_EDGE('',*,*,#2871,.T.);
#2871 = EDGE_CURVE('',#2864,#2872,#2874,.T.);
#2872 = VERTEX_POINT('',#2873);
#2873 = CARTESIAN_POINT('',(-0.32,0.32,2.54));
#2874 = LINE('',#2875,#2876);
#2875 = CARTESIAN_POINT('',(-0.32,-1.43,2.54));
#2876 = VECTOR('',#2877,1.);
#2877 = DIRECTION('',(0.,1.,0.));
#2878 = ORIENTED_EDGE('',*,*,#2879,.F.);
#2879 = EDGE_CURVE('',#2856,#2872,#2880,.T.);
#2880 = LINE('',#2881,#2882);
#2881 = CARTESIAN_POINT('',(-0.16,0.32,2.54));
#2882 = VECTOR('',#2883,1.);
#2883 = DIRECTION('',(-1.,0.,0.));
#2884 = FACE_BOUND('',#2885,.T.);
#2885 = EDGE_LOOP('',(#2886,#2896,#2904,#2912));
#2886 = ORIENTED_EDGE('',*,*,#2887,.T.);
#2887 = EDGE_CURVE('',#2888,#2890,#2892,.T.);
#2888 = VERTEX_POINT('',#2889);
#2889 = CARTESIAN_POINT('',(0.32,-2.86,2.54));
#2890 = VERTEX_POINT('',#2891);
#2891 = CARTESIAN_POINT('',(-0.32,-2.86,2.54));
#2892 = LINE('',#2893,#2894);
#2893 = CARTESIAN_POINT('',(-0.16,-2.86,2.54));
#2894 = VECTOR('',#2895,1.);
#2895 = DIRECTION('',(-1.,0.,0.));
#2896 = ORIENTED_EDGE('',*,*,#2897,.T.);
#2897 = EDGE_CURVE('',#2890,#2898,#2900,.T.);
#2898 = VERTEX_POINT('',#2899);
#2899 = CARTESIAN_POINT('',(-0.32,-2.22,2.54));
#2900 = LINE('',#2901,#2902);
#2901 = CARTESIAN_POINT('',(-0.32,-2.7,2.54));
#2902 = VECTOR('',#2903,1.);
#2903 = DIRECTION('',(0.,1.,0.));
#2904 = ORIENTED_EDGE('',*,*,#2905,.F.);
#2905 = EDGE_CURVE('',#2906,#2898,#2908,.T.);
#2906 = VERTEX_POINT('',#2907);
#2907 = CARTESIAN_POINT('',(0.32,-2.22,2.54));
#2908 = LINE('',#2909,#2910);
#2909 = CARTESIAN_POINT('',(-0.16,-2.22,2.54));
#2910 = VECTOR('',#2911,1.);
#2911 = DIRECTION('',(-1.,0.,0.));
#2912 = ORIENTED_EDGE('',*,*,#2913,.F.);
#2913 = EDGE_CURVE('',#2888,#2906,#2914,.T.);
#2914 = LINE('',#2915,#2916);
#2915 = CARTESIAN_POINT('',(0.32,-2.7,2.54));
#2916 = VECTOR('',#2917,1.);
#2917 = DIRECTION('',(0.,1.,0.));
#2918 = FACE_BOUND('',#2919,.T.);
#2919 = EDGE_LOOP('',(#2920,#2930,#2938,#2946));
#2920 = ORIENTED_EDGE('',*,*,#2921,.F.);
#2921 = EDGE_CURVE('',#2922,#2924,#2926,.T.);
#2922 = VERTEX_POINT('',#2923);
#2923 = CARTESIAN_POINT('',(0.32,-4.76,2.54));
#2924 = VERTEX_POINT('',#2925);
#2925 = CARTESIAN_POINT('',(-0.32,-4.76,2.54));
#2926 = LINE('',#2927,#2928);
#2927 = CARTESIAN_POINT('',(-0.16,-4.76,2.54));
#2928 = VECTOR('',#2929,1.);
#2929 = DIRECTION('',(-1.,0.,0.));
#2930 = ORIENTED_EDGE('',*,*,#2931,.F.);
#2931 = EDGE_CURVE('',#2932,#2922,#2934,.T.);
#2932 = VERTEX_POINT('',#2933);
#2933 = CARTESIAN_POINT('',(0.32,-5.4,2.54));
#2934 = LINE('',#2935,#2936);
#2935 = CARTESIAN_POINT('',(0.32,-3.97,2.54));
#2936 = VECTOR('',#2937,1.);
#2937 = DIRECTION('',(0.,1.,0.));
#2938 = ORIENTED_EDGE('',*,*,#2939,.T.);
#2939 = EDGE_CURVE('',#2932,#2940,#2942,.T.);
#2940 = VERTEX_POINT('',#2941);
#2941 = CARTESIAN_POINT('',(-0.32,-5.4,2.54));
#2942 = LINE('',#2943,#2944);
#2943 = CARTESIAN_POINT('',(-0.16,-5.4,2.54));
#2944 = VECTOR('',#2945,1.);
#2945 = DIRECTION('',(-1.,0.,0.));
#2946 = ORIENTED_EDGE('',*,*,#2947,.T.);
#2947 = EDGE_CURVE('',#2940,#2924,#2948,.T.);
#2948 = LINE('',#2949,#2950);
#2949 = CARTESIAN_POINT('',(-0.32,-3.97,2.54));
#2950 = VECTOR('',#2951,1.);
#2951 = DIRECTION('',(0.,1.,0.));
#2952 = PLANE('',#2953);
#2953 = AXIS2_PLACEMENT_3D('',#2954,#2955,#2956);
#2954 = CARTESIAN_POINT('',(5.398204781459E-17,-2.54,2.54));
#2955 = DIRECTION('',(0.,0.,1.));
#2956 = DIRECTION('',(1.,0.,-0.));
#2957 = ADVANCED_FACE('',(#2958),#2969,.F.);
#2958 = FACE_BOUND('',#2959,.F.);
#2959 = EDGE_LOOP('',(#2960,#2966,#2967,#2968));
#2960 = ORIENTED_EDGE('',*,*,#2961,.T.);
#2961 = EDGE_CURVE('',#2590,#2837,#2962,.T.);
#2962 = LINE('',#2963,#2964);
#2963 = CARTESIAN_POINT('',(1.27,1.016,0.));
#2964 = VECTOR('',#2965,1.);
#2965 = DIRECTION('',(0.,0.,1.));
#2966 = ORIENTED_EDGE('',*,*,#2844,.T.);
#2967 = ORIENTED_EDGE('',*,*,#2405,.F.);
#2968 = ORIENTED_EDGE('',*,*,#2597,.F.);
#2969 = PLANE('',#2970);
#2970 = AXIS2_PLACEMENT_3D('',#2971,#2972,#2973);
#2971 = CARTESIAN_POINT('',(1.27,1.016,0.));
#2972 = DIRECTION('',(-0.707106781187,-0.707106781187,0.));
#2973 = DIRECTION('',(-0.707106781187,0.707106781187,0.));
#2974 = ADVANCED_FACE('',(#2975),#2986,.F.);
#2975 = FACE_BOUND('',#2976,.F.);
#2976 = EDGE_LOOP('',(#2977,#2978,#2979,#2985));
#2977 = ORIENTED_EDGE('',*,*,#2445,.T.);
#2978 = ORIENTED_EDGE('',*,*,#2716,.T.);
#2979 = ORIENTED_EDGE('',*,*,#2980,.F.);
#2980 = EDGE_CURVE('',#2470,#2717,#2981,.T.);
#2981 = LINE('',#2982,#2983);
#2982 = CARTESIAN_POINT('',(-1.016,-1.27,0.));
#2983 = VECTOR('',#2984,1.);
#2984 = DIRECTION('',(0.,0.,1.));
#2985 = ORIENTED_EDGE('',*,*,#2469,.F.);
#2986 = PLANE('',#2987);
#2987 = AXIS2_PLACEMENT_3D('',#2988,#2989,#2990);
#2988 = CARTESIAN_POINT('',(-1.27,-1.016,0.));
#2989 = DIRECTION('',(0.707106781187,0.707106781187,0.));
#2990 = DIRECTION('',(0.707106781187,-0.707106781187,0.));
#2991 = ADVANCED_FACE('',(#2992),#3003,.F.);
#2992 = FACE_BOUND('',#2993,.F.);
#2993 = EDGE_LOOP('',(#2994,#3000,#3001,#3002));
#2994 = ORIENTED_EDGE('',*,*,#2995,.T.);
#2995 = EDGE_CURVE('',#2582,#2829,#2996,.T.);
#2996 = LINE('',#2997,#2998);
#2997 = CARTESIAN_POINT('',(1.27,-1.016,0.));
#2998 = VECTOR('',#2999,1.);
#2999 = DIRECTION('',(0.,0.,1.));
#3000 = ORIENTED_EDGE('',*,*,#2836,.T.);
#3001 = ORIENTED_EDGE('',*,*,#2961,.F.);
#3002 = ORIENTED_EDGE('',*,*,#2589,.F.);
#3003 = PLANE('',#3004);
#3004 = AXIS2_PLACEMENT_3D('',#3005,#3006,#3007);
#3005 = CARTESIAN_POINT('',(1.27,-1.016,0.));
#3006 = DIRECTION('',(-1.,0.,0.));
#3007 = DIRECTION('',(0.,1.,0.));
#3008 = ADVANCED_FACE('',(#3009),#3020,.F.);
#3009 = FACE_BOUND('',#3010,.F.);
#3010 = EDGE_LOOP('',(#3011,#3012,#3013,#3019));
#3011 = ORIENTED_EDGE('',*,*,#2980,.T.);
#3012 = ORIENTED_EDGE('',*,*,#2724,.T.);
#3013 = ORIENTED_EDGE('',*,*,#3014,.F.);
#3014 = EDGE_CURVE('',#2478,#2725,#3015,.T.);
#3015 = LINE('',#3016,#3017);
#3016 = CARTESIAN_POINT('',(-1.27,-1.524,0.));
#3017 = VECTOR('',#3018,1.);
#3018 = DIRECTION('',(0.,0.,1.));
#3019 = ORIENTED_EDGE('',*,*,#2477,.F.);
#3020 = PLANE('',#3021);
#3021 = AXIS2_PLACEMENT_3D('',#3022,#3023,#3024);
#3022 = CARTESIAN_POINT('',(-1.016,-1.27,0.));
#3023 = DIRECTION('',(0.707106781187,-0.707106781187,0.));
#3024 = DIRECTION('',(-0.707106781187,-0.707106781187,0.));
#3025 = ADVANCED_FACE('',(#3026),#3037,.F.);
#3026 = FACE_BOUND('',#3027,.F.);
#3027 = EDGE_LOOP('',(#3028,#3034,#3035,#3036));
#3028 = ORIENTED_EDGE('',*,*,#3029,.T.);
#3029 = EDGE_CURVE('',#2574,#2821,#3030,.T.);
#3030 = LINE('',#3031,#3032);
#3031 = CARTESIAN_POINT('',(1.016,-1.27,0.));
#3032 = VECTOR('',#3033,1.);
#3033 = DIRECTION('',(0.,0.,1.));
#3034 = ORIENTED_EDGE('',*,*,#2828,.T.);
#3035 = ORIENTED_EDGE('',*,*,#2995,.F.);
#3036 = ORIENTED_EDGE('',*,*,#2581,.F.);
#3037 = PLANE('',#3038);
#3038 = AXIS2_PLACEMENT_3D('',#3039,#3040,#3041);
#3039 = CARTESIAN_POINT('',(1.016,-1.27,0.));
#3040 = DIRECTION('',(-0.707106781187,0.707106781187,0.));
#3041 = DIRECTION('',(0.707106781187,0.707106781187,0.));
#3042 = ADVANCED_FACE('',(#3043),#3054,.F.);
#3043 = FACE_BOUND('',#3044,.F.);
#3044 = EDGE_LOOP('',(#3045,#3046,#3047,#3053));
#3045 = ORIENTED_EDGE('',*,*,#3014,.T.);
#3046 = ORIENTED_EDGE('',*,*,#2732,.T.);
#3047 = ORIENTED_EDGE('',*,*,#3048,.F.);
#3048 = EDGE_CURVE('',#2486,#2733,#3049,.T.);
#3049 = LINE('',#3050,#3051);
#3050 = CARTESIAN_POINT('',(-1.27,-3.556,0.));
#3051 = VECTOR('',#3052,1.);
#3052 = DIRECTION('',(0.,0.,1.));
#3053 = ORIENTED_EDGE('',*,*,#2485,.F.);
#3054 = PLANE('',#3055);
#3055 = AXIS2_PLACEMENT_3D('',#3056,#3057,#3058);
#3056 = CARTESIAN_POINT('',(-1.27,-1.524,0.));
#3057 = DIRECTION('',(1.,0.,0.));
#3058 = DIRECTION('',(0.,-1.,0.));
#3059 = ADVANCED_FACE('',(#3060),#3071,.F.);
#3060 = FACE_BOUND('',#3061,.F.);
#3061 = EDGE_LOOP('',(#3062,#3068,#3069,#3070));
#3062 = ORIENTED_EDGE('',*,*,#3063,.T.);
#3063 = EDGE_CURVE('',#2566,#2813,#3064,.T.);
#3064 = LINE('',#3065,#3066);
#3065 = CARTESIAN_POINT('',(1.27,-1.524,0.));
#3066 = VECTOR('',#3067,1.);
#3067 = DIRECTION('',(0.,0.,1.));
#3068 = ORIENTED_EDGE('',*,*,#2820,.T.);
#3069 = ORIENTED_EDGE('',*,*,#3029,.F.);
#3070 = ORIENTED_EDGE('',*,*,#2573,.F.);
#3071 = PLANE('',#3072);
#3072 = AXIS2_PLACEMENT_3D('',#3073,#3074,#3075);
#3073 = CARTESIAN_POINT('',(1.27,-1.524,0.));
#3074 = DIRECTION('',(-0.707106781187,-0.707106781187,0.));
#3075 = DIRECTION('',(-0.707106781187,0.707106781187,0.));
#3076 = ADVANCED_FACE('',(#3077),#3088,.F.);
#3077 = FACE_BOUND('',#3078,.F.);
#3078 = EDGE_LOOP('',(#3079,#3080,#3081,#3087));
#3079 = ORIENTED_EDGE('',*,*,#3048,.T.);
#3080 = ORIENTED_EDGE('',*,*,#2740,.T.);
#3081 = ORIENTED_EDGE('',*,*,#3082,.F.);
#3082 = EDGE_CURVE('',#2494,#2741,#3083,.T.);
#3083 = LINE('',#3084,#3085);
#3084 = CARTESIAN_POINT('',(-1.016,-3.81,0.));
#3085 = VECTOR('',#3086,1.);
#3086 = DIRECTION('',(0.,0.,1.));
#3087 = ORIENTED_EDGE('',*,*,#2493,.F.);
#3088 = PLANE('',#3089);
#3089 = AXIS2_PLACEMENT_3D('',#3090,#3091,#3092);
#3090 = CARTESIAN_POINT('',(-1.27,-3.556,0.));
#3091 = DIRECTION('',(0.707106781187,0.707106781187,0.));
#3092 = DIRECTION('',(0.707106781187,-0.707106781187,0.));
#3093 = ADVANCED_FACE('',(#3094),#3105,.F.);
#3094 = FACE_BOUND('',#3095,.F.);
#3095 = EDGE_LOOP('',(#3096,#3102,#3103,#3104));
#3096 = ORIENTED_EDGE('',*,*,#3097,.T.);
#3097 = EDGE_CURVE('',#2558,#2805,#3098,.T.);
#3098 = LINE('',#3099,#3100);
#3099 = CARTESIAN_POINT('',(1.27,-3.556,0.));
#3100 = VECTOR('',#3101,1.);
#3101 = DIRECTION('',(0.,0.,1.));
#3102 = ORIENTED_EDGE('',*,*,#2812,.T.);
#3103 = ORIENTED_EDGE('',*,*,#3063,.F.);
#3104 = ORIENTED_EDGE('',*,*,#2565,.F.);
#3105 = PLANE('',#3106);
#3106 = AXIS2_PLACEMENT_3D('',#3107,#3108,#3109);
#3107 = CARTESIAN_POINT('',(1.27,-3.556,0.));
#3108 = DIRECTION('',(-1.,0.,0.));
#3109 = DIRECTION('',(0.,1.,0.));
#3110 = ADVANCED_FACE('',(#3111),#3122,.F.);
#3111 = FACE_BOUND('',#3112,.F.);
#3112 = EDGE_LOOP('',(#3113,#3114,#3115,#3121));
#3113 = ORIENTED_EDGE('',*,*,#3082,.T.);
#3114 = ORIENTED_EDGE('',*,*,#2748,.T.);
#3115 = ORIENTED_EDGE('',*,*,#3116,.F.);
#3116 = EDGE_CURVE('',#2502,#2749,#3117,.T.);
#3117 = LINE('',#3118,#3119);
#3118 = CARTESIAN_POINT('',(-1.27,-4.064,0.));
#3119 = VECTOR('',#3120,1.);
#3120 = DIRECTION('',(0.,0.,1.));
#3121 = ORIENTED_EDGE('',*,*,#2501,.F.);
#3122 = PLANE('',#3123);
#3123 = AXIS2_PLACEMENT_3D('',#3124,#3125,#3126);
#3124 = CARTESIAN_POINT('',(-1.016,-3.81,0.));
#3125 = DIRECTION('',(0.707106781187,-0.707106781187,0.));
#3126 = DIRECTION('',(-0.707106781187,-0.707106781187,0.));
#3127 = ADVANCED_FACE('',(#3128),#3139,.F.);
#3128 = FACE_BOUND('',#3129,.F.);
#3129 = EDGE_LOOP('',(#3130,#3136,#3137,#3138));
#3130 = ORIENTED_EDGE('',*,*,#3131,.T.);
#3131 = EDGE_CURVE('',#2550,#2797,#3132,.T.);
#3132 = LINE('',#3133,#3134);
#3133 = CARTESIAN_POINT('',(1.016,-3.81,0.));
#3134 = VECTOR('',#3135,1.);
#3135 = DIRECTION('',(0.,0.,1.));
#3136 = ORIENTED_EDGE('',*,*,#2804,.T.);
#3137 = ORIENTED_EDGE('',*,*,#3097,.F.);
#3138 = ORIENTED_EDGE('',*,*,#2557,.F.);
#3139 = PLANE('',#3140);
#3140 = AXIS2_PLACEMENT_3D('',#3141,#3142,#3143);
#3141 = CARTESIAN_POINT('',(1.016,-3.81,0.));
#3142 = DIRECTION('',(-0.707106781187,0.707106781187,0.));
#3143 = DIRECTION('',(0.707106781187,0.707106781187,0.));
#3144 = ADVANCED_FACE('',(#3145),#3156,.F.);
#3145 = FACE_BOUND('',#3146,.F.);
#3146 = EDGE_LOOP('',(#3147,#3148,#3149,#3155));
#3147 = ORIENTED_EDGE('',*,*,#3116,.T.);
#3148 = ORIENTED_EDGE('',*,*,#2756,.T.);
#3149 = ORIENTED_EDGE('',*,*,#3150,.F.);
#3150 = EDGE_CURVE('',#2510,#2757,#3151,.T.);
#3151 = LINE('',#3152,#3153);
#3152 = CARTESIAN_POINT('',(-1.27,-6.096,0.));
#3153 = VECTOR('',#3154,1.);
#3154 = DIRECTION('',(0.,0.,1.));
#3155 = ORIENTED_EDGE('',*,*,#2509,.F.);
#3156 = PLANE('',#3157);
#3157 = AXIS2_PLACEMENT_3D('',#3158,#3159,#3160);
#3158 = CARTESIAN_POINT('',(-1.27,-4.064,0.));
#3159 = DIRECTION('',(1.,0.,0.));
#3160 = DIRECTION('',(0.,-1.,0.));
#3161 = ADVANCED_FACE('',(#3162),#3173,.F.);
#3162 = FACE_BOUND('',#3163,.F.);
#3163 = EDGE_LOOP('',(#3164,#3170,#3171,#3172));
#3164 = ORIENTED_EDGE('',*,*,#3165,.T.);
#3165 = EDGE_CURVE('',#2542,#2789,#3166,.T.);
#3166 = LINE('',#3167,#3168);
#3167 = CARTESIAN_POINT('',(1.27,-4.064,0.));
#3168 = VECTOR('',#3169,1.);
#3169 = DIRECTION('',(0.,0.,1.));
#3170 = ORIENTED_EDGE('',*,*,#2796,.T.);
#3171 = ORIENTED_EDGE('',*,*,#3131,.F.);
#3172 = ORIENTED_EDGE('',*,*,#2549,.F.);
#3173 = PLANE('',#3174);
#3174 = AXIS2_PLACEMENT_3D('',#3175,#3176,#3177);
#3175 = CARTESIAN_POINT('',(1.27,-4.064,0.));
#3176 = DIRECTION('',(-0.707106781187,-0.707106781187,0.));
#3177 = DIRECTION('',(-0.707106781187,0.707106781187,0.));
#3178 = ADVANCED_FACE('',(#3179),#3190,.F.);
#3179 = FACE_BOUND('',#3180,.F.);
#3180 = EDGE_LOOP('',(#3181,#3182,#3183,#3189));
#3181 = ORIENTED_EDGE('',*,*,#3150,.T.);
#3182 = ORIENTED_EDGE('',*,*,#2764,.T.);
#3183 = ORIENTED_EDGE('',*,*,#3184,.F.);
#3184 = EDGE_CURVE('',#2518,#2765,#3185,.T.);
#3185 = LINE('',#3186,#3187);
#3186 = CARTESIAN_POINT('',(-1.016,-6.35,0.));
#3187 = VECTOR('',#3188,1.);
#3188 = DIRECTION('',(0.,0.,1.));
#3189 = ORIENTED_EDGE('',*,*,#2517,.F.);
#3190 = PLANE('',#3191);
#3191 = AXIS2_PLACEMENT_3D('',#3192,#3193,#3194);
#3192 = CARTESIAN_POINT('',(-1.27,-6.096,0.));
#3193 = DIRECTION('',(0.707106781187,0.707106781187,0.));
#3194 = DIRECTION('',(0.707106781187,-0.707106781187,0.));
#3195 = ADVANCED_FACE('',(#3196),#3207,.F.);
#3196 = FACE_BOUND('',#3197,.F.);
#3197 = EDGE_LOOP('',(#3198,#3204,#3205,#3206));
#3198 = ORIENTED_EDGE('',*,*,#3199,.T.);
#3199 = EDGE_CURVE('',#2534,#2781,#3200,.T.);
#3200 = LINE('',#3201,#3202);
#3201 = CARTESIAN_POINT('',(1.27,-6.096,0.));
#3202 = VECTOR('',#3203,1.);
#3203 = DIRECTION('',(0.,0.,1.));
#3204 = ORIENTED_EDGE('',*,*,#2788,.T.);
#3205 = ORIENTED_EDGE('',*,*,#3165,.F.);
#3206 = ORIENTED_EDGE('',*,*,#2541,.F.);
#3207 = PLANE('',#3208);
#3208 = AXIS2_PLACEMENT_3D('',#3209,#3210,#3211);
#3209 = CARTESIAN_POINT('',(1.27,-6.096,0.));
#3210 = DIRECTION('',(-1.,0.,0.));
#3211 = DIRECTION('',(0.,1.,0.));
#3212 = ADVANCED_FACE('',(#3213),#3224,.F.);
#3213 = FACE_BOUND('',#3214,.F.);
#3214 = EDGE_LOOP('',(#3215,#3216,#3217,#3223));
#3215 = ORIENTED_EDGE('',*,*,#3184,.T.);
#3216 = ORIENTED_EDGE('',*,*,#2772,.T.);
#3217 = ORIENTED_EDGE('',*,*,#3218,.F.);
#3218 = EDGE_CURVE('',#2526,#2773,#3219,.T.);
#3219 = LINE('',#3220,#3221);
#3220 = CARTESIAN_POINT('',(1.016,-6.35,0.));
#3221 = VECTOR('',#3222,1.);
#3222 = DIRECTION('',(0.,0.,1.));
#3223 = ORIENTED_EDGE('',*,*,#2525,.F.);
#3224 = PLANE('',#3225);
#3225 = AXIS2_PLACEMENT_3D('',#3226,#3227,#3228);
#3226 = CARTESIAN_POINT('',(-1.016,-6.35,0.));
#3227 = DIRECTION('',(0.,1.,0.));
#3228 = DIRECTION('',(1.,0.,0.));
#3229 = ADVANCED_FACE('',(#3230),#3236,.F.);
#3230 = FACE_BOUND('',#3231,.F.);
#3231 = EDGE_LOOP('',(#3232,#3233,#3234,#3235));
#3232 = ORIENTED_EDGE('',*,*,#3218,.T.);
#3233 = ORIENTED_EDGE('',*,*,#2780,.T.);
#3234 = ORIENTED_EDGE('',*,*,#3199,.F.);
#3235 = ORIENTED_EDGE('',*,*,#2533,.F.);
#3236 = PLANE('',#3237);
#3237 = AXIS2_PLACEMENT_3D('',#3238,#3239,#3240);
#3238 = CARTESIAN_POINT('',(1.016,-6.35,0.));
#3239 = DIRECTION('',(-0.707106781187,0.707106781187,0.));
#3240 = DIRECTION('',(0.707106781187,0.707106781187,0.));
#3241 = ADVANCED_FACE('',(#3242),#3267,.T.);
#3242 = FACE_BOUND('',#3243,.T.);
#3243 = EDGE_LOOP('',(#3244,#3252,#3260,#3266));
#3244 = ORIENTED_EDGE('',*,*,#3245,.F.);
#3245 = EDGE_CURVE('',#3246,#2607,#3248,.T.);
#3246 = VERTEX_POINT('',#3247);
#3247 = CARTESIAN_POINT('',(0.32,-0.32,-2.84));
#3248 = LINE('',#3249,#3250);
#3249 = CARTESIAN_POINT('',(0.32,-0.32,-3.));
#3250 = VECTOR('',#3251,1.);
#3251 = DIRECTION('',(0.,0.,1.));
#3252 = ORIENTED_EDGE('',*,*,#3253,.T.);
#3253 = EDGE_CURVE('',#3246,#3254,#3256,.T.);
#3254 = VERTEX_POINT('',#3255);
#3255 = CARTESIAN_POINT('',(0.32,0.32,-2.84));
#3256 = LINE('',#3257,#3258);
#3257 = CARTESIAN_POINT('',(0.32,-0.32,-2.84));
#3258 = VECTOR('',#3259,1.);
#3259 = DIRECTION('',(0.,1.,0.));
#3260 = ORIENTED_EDGE('',*,*,#3261,.T.);
#3261 = EDGE_CURVE('',#3254,#2609,#3262,.T.);
#3262 = LINE('',#3263,#3264);
#3263 = CARTESIAN_POINT('',(0.32,0.32,-3.));
#3264 = VECTOR('',#3265,1.);
#3265 = DIRECTION('',(0.,0.,1.));
#3266 = ORIENTED_EDGE('',*,*,#2606,.F.);
#3267 = PLANE('',#3268);
#3268 = AXIS2_PLACEMENT_3D('',#3269,#3270,#3271);
#3269 = CARTESIAN_POINT('',(0.32,-0.32,-3.));
#3270 = DIRECTION('',(1.,0.,0.));
#3271 = DIRECTION('',(0.,0.,1.));
#3272 = ADVANCED_FACE('',(#3273),#3291,.T.);
#3273 = FACE_BOUND('',#3274,.T.);
#3274 = EDGE_LOOP('',(#3275,#3276,#3284,#3290));
#3275 = ORIENTED_EDGE('',*,*,#3261,.F.);
#3276 = ORIENTED_EDGE('',*,*,#3277,.F.);
#3277 = EDGE_CURVE('',#3278,#3254,#3280,.T.);
#3278 = VERTEX_POINT('',#3279);
#3279 = CARTESIAN_POINT('',(-0.32,0.32,-2.84));
#3280 = LINE('',#3281,#3282);
#3281 = CARTESIAN_POINT('',(-0.32,0.32,-2.84));
#3282 = VECTOR('',#3283,1.);
#3283 = DIRECTION('',(1.,0.,0.));
#3284 = ORIENTED_EDGE('',*,*,#3285,.T.);
#3285 = EDGE_CURVE('',#3278,#2625,#3286,.T.);
#3286 = LINE('',#3287,#3288);
#3287 = CARTESIAN_POINT('',(-0.32,0.32,-3.));
#3288 = VECTOR('',#3289,1.);
#3289 = DIRECTION('',(0.,0.,1.));
#3290 = ORIENTED_EDGE('',*,*,#2632,.F.);
#3291 = PLANE('',#3292);
#3292 = AXIS2_PLACEMENT_3D('',#3293,#3294,#3295);
#3293 = CARTESIAN_POINT('',(-0.32,0.32,-3.));
#3294 = DIRECTION('',(0.,1.,0.));
#3295 = DIRECTION('',(0.,-0.,1.));
#3296 = ADVANCED_FACE('',(#3297),#3315,.F.);
#3297 = FACE_BOUND('',#3298,.F.);
#3298 = EDGE_LOOP('',(#3299,#3307,#3313,#3314));
#3299 = ORIENTED_EDGE('',*,*,#3300,.F.);
#3300 = EDGE_CURVE('',#3301,#2617,#3303,.T.);
#3301 = VERTEX_POINT('',#3302);
#3302 = CARTESIAN_POINT('',(-0.32,-0.32,-2.84));
#3303 = LINE('',#3304,#3305);
#3304 = CARTESIAN_POINT('',(-0.32,-0.32,-3.));
#3305 = VECTOR('',#3306,1.);
#3306 = DIRECTION('',(0.,0.,1.));
#3307 = ORIENTED_EDGE('',*,*,#3308,.T.);
#3308 = EDGE_CURVE('',#3301,#3278,#3309,.T.);
#3309 = LINE('',#3310,#3311);
#3310 = CARTESIAN_POINT('',(-0.32,-0.32,-2.84));
#3311 = VECTOR('',#3312,1.);
#3312 = DIRECTION('',(0.,1.,0.));
#3313 = ORIENTED_EDGE('',*,*,#3285,.T.);
#3314 = ORIENTED_EDGE('',*,*,#2624,.F.);
#3315 = PLANE('',#3316);
#3316 = AXIS2_PLACEMENT_3D('',#3317,#3318,#3319);
#3317 = CARTESIAN_POINT('',(-0.32,-0.32,-3.));
#3318 = DIRECTION('',(1.,0.,0.));
#3319 = DIRECTION('',(0.,0.,1.));
#3320 = ADVANCED_FACE('',(#3321),#3332,.F.);
#3321 = FACE_BOUND('',#3322,.F.);
#3322 = EDGE_LOOP('',(#3323,#3324,#3330,#3331));
#3323 = ORIENTED_EDGE('',*,*,#3245,.F.);
#3324 = ORIENTED_EDGE('',*,*,#3325,.F.);
#3325 = EDGE_CURVE('',#3301,#3246,#3326,.T.);
#3326 = LINE('',#3327,#3328);
#3327 = CARTESIAN_POINT('',(-0.32,-0.32,-2.84));
#3328 = VECTOR('',#3329,1.);
#3329 = DIRECTION('',(1.,0.,0.));
#3330 = ORIENTED_EDGE('',*,*,#3300,.T.);
#3331 = ORIENTED_EDGE('',*,*,#2616,.F.);
#3332 = PLANE('',#3333);
#3333 = AXIS2_PLACEMENT_3D('',#3334,#3335,#3336);
#3334 = CARTESIAN_POINT('',(-0.32,-0.32,-3.));
#3335 = DIRECTION('',(0.,1.,0.));
#3336 = DIRECTION('',(0.,-0.,1.));
#3337 = ADVANCED_FACE('',(#3338),#3363,.F.);
#3338 = FACE_BOUND('',#3339,.F.);
#3339 = EDGE_LOOP('',(#3340,#3348,#3356,#3362));
#3340 = ORIENTED_EDGE('',*,*,#3341,.F.);
#3341 = EDGE_CURVE('',#3342,#2641,#3344,.T.);
#3342 = VERTEX_POINT('',#3343);
#3343 = CARTESIAN_POINT('',(0.32,-2.86,-2.84));
#3344 = LINE('',#3345,#3346);
#3345 = CARTESIAN_POINT('',(0.32,-2.86,-3.));
#3346 = VECTOR('',#3347,1.);
#3347 = DIRECTION('',(0.,0.,1.));
#3348 = ORIENTED_EDGE('',*,*,#3349,.F.);
#3349 = EDGE_CURVE('',#3350,#3342,#3352,.T.);
#3350 = VERTEX_POINT('',#3351);
#3351 = CARTESIAN_POINT('',(-0.32,-2.86,-2.84));
#3352 = LINE('',#3353,#3354);
#3353 = CARTESIAN_POINT('',(-0.32,-2.86,-2.84));
#3354 = VECTOR('',#3355,1.);
#3355 = DIRECTION('',(1.,0.,0.));
#3356 = ORIENTED_EDGE('',*,*,#3357,.T.);
#3357 = EDGE_CURVE('',#3350,#2643,#3358,.T.);
#3358 = LINE('',#3359,#3360);
#3359 = CARTESIAN_POINT('',(-0.32,-2.86,-3.));
#3360 = VECTOR('',#3361,1.);
#3361 = DIRECTION('',(0.,0.,1.));
#3362 = ORIENTED_EDGE('',*,*,#2640,.F.);
#3363 = PLANE('',#3364);
#3364 = AXIS2_PLACEMENT_3D('',#3365,#3366,#3367);
#3365 = CARTESIAN_POINT('',(-0.32,-2.86,-3.));
#3366 = DIRECTION('',(0.,1.,0.));
#3367 = DIRECTION('',(0.,-0.,1.));
#3368 = ADVANCED_FACE('',(#3369),#3387,.T.);
#3369 = FACE_BOUND('',#3370,.T.);
#3370 = EDGE_LOOP('',(#3371,#3372,#3380,#3386));
#3371 = ORIENTED_EDGE('',*,*,#3341,.F.);
#3372 = ORIENTED_EDGE('',*,*,#3373,.T.);
#3373 = EDGE_CURVE('',#3342,#3374,#3376,.T.);
#3374 = VERTEX_POINT('',#3375);
#3375 = CARTESIAN_POINT('',(0.32,-2.22,-2.84));
#3376 = LINE('',#3377,#3378);
#3377 = CARTESIAN_POINT('',(0.32,-2.86,-2.84));
#3378 = VECTOR('',#3379,1.);
#3379 = DIRECTION('',(0.,1.,0.));
#3380 = ORIENTED_EDGE('',*,*,#3381,.T.);
#3381 = EDGE_CURVE('',#3374,#2659,#3382,.T.);
#3382 = LINE('',#3383,#3384);
#3383 = CARTESIAN_POINT('',(0.32,-2.22,-3.));
#3384 = VECTOR('',#3385,1.);
#3385 = DIRECTION('',(0.,0.,1.));
#3386 = ORIENTED_EDGE('',*,*,#2666,.F.);
#3387 = PLANE('',#3388);
#3388 = AXIS2_PLACEMENT_3D('',#3389,#3390,#3391);
#3389 = CARTESIAN_POINT('',(0.32,-2.86,-3.));
#3390 = DIRECTION('',(1.,0.,0.));
#3391 = DIRECTION('',(0.,0.,1.));
#3392 = ADVANCED_FACE('',(#3393),#3411,.T.);
#3393 = FACE_BOUND('',#3394,.T.);
#3394 = EDGE_LOOP('',(#3395,#3396,#3404,#3410));
#3395 = ORIENTED_EDGE('',*,*,#3381,.F.);
#3396 = ORIENTED_EDGE('',*,*,#3397,.F.);
#3397 = EDGE_CURVE('',#3398,#3374,#3400,.T.);
#3398 = VERTEX_POINT('',#3399);
#3399 = CARTESIAN_POINT('',(-0.32,-2.22,-2.84));
#3400 = LINE('',#3401,#3402);
#3401 = CARTESIAN_POINT('',(-0.32,-2.22,-2.84));
#3402 = VECTOR('',#3403,1.);
#3403 = DIRECTION('',(1.,0.,0.));
#3404 = ORIENTED_EDGE('',*,*,#3405,.T.);
#3405 = EDGE_CURVE('',#3398,#2651,#3406,.T.);
#3406 = LINE('',#3407,#3408);
#3407 = CARTESIAN_POINT('',(-0.32,-2.22,-3.));
#3408 = VECTOR('',#3409,1.);
#3409 = DIRECTION('',(0.,0.,1.));
#3410 = ORIENTED_EDGE('',*,*,#2658,.F.);
#3411 = PLANE('',#3412);
#3412 = AXIS2_PLACEMENT_3D('',#3413,#3414,#3415);
#3413 = CARTESIAN_POINT('',(-0.32,-2.22,-3.));
#3414 = DIRECTION('',(0.,1.,0.));
#3415 = DIRECTION('',(0.,-0.,1.));
#3416 = ADVANCED_FACE('',(#3417),#3428,.F.);
#3417 = FACE_BOUND('',#3418,.F.);
#3418 = EDGE_LOOP('',(#3419,#3420,#3426,#3427));
#3419 = ORIENTED_EDGE('',*,*,#3357,.F.);
#3420 = ORIENTED_EDGE('',*,*,#3421,.T.);
#3421 = EDGE_CURVE('',#3350,#3398,#3422,.T.);
#3422 = LINE('',#3423,#3424);
#3423 = CARTESIAN_POINT('',(-0.32,-2.86,-2.84));
#3424 = VECTOR('',#3425,1.);
#3425 = DIRECTION('',(0.,1.,0.));
#3426 = ORIENTED_EDGE('',*,*,#3405,.T.);
#3427 = ORIENTED_EDGE('',*,*,#2650,.F.);
#3428 = PLANE('',#3429);
#3429 = AXIS2_PLACEMENT_3D('',#3430,#3431,#3432);
#3430 = CARTESIAN_POINT('',(-0.32,-2.86,-3.));
#3431 = DIRECTION('',(1.,0.,0.));
#3432 = DIRECTION('',(0.,0.,1.));
#3433 = ADVANCED_FACE('',(#3434),#3459,.T.);
#3434 = FACE_BOUND('',#3435,.T.);
#3435 = EDGE_LOOP('',(#3436,#3444,#3452,#3458));
#3436 = ORIENTED_EDGE('',*,*,#3437,.F.);
#3437 = EDGE_CURVE('',#3438,#2675,#3440,.T.);
#3438 = VERTEX_POINT('',#3439);
#3439 = CARTESIAN_POINT('',(0.32,-4.76,-2.84));
#3440 = LINE('',#3441,#3442);
#3441 = CARTESIAN_POINT('',(0.32,-4.76,-3.));
#3442 = VECTOR('',#3443,1.);
#3443 = DIRECTION('',(0.,0.,1.));
#3444 = ORIENTED_EDGE('',*,*,#3445,.F.);
#3445 = EDGE_CURVE('',#3446,#3438,#3448,.T.);
#3446 = VERTEX_POINT('',#3447);
#3447 = CARTESIAN_POINT('',(-0.32,-4.76,-2.84));
#3448 = LINE('',#3449,#3450);
#3449 = CARTESIAN_POINT('',(-0.32,-4.76,-2.84));
#3450 = VECTOR('',#3451,1.);
#3451 = DIRECTION('',(1.,0.,0.));
#3452 = ORIENTED_EDGE('',*,*,#3453,.T.);
#3453 = EDGE_CURVE('',#3446,#2677,#3454,.T.);
#3454 = LINE('',#3455,#3456);
#3455 = CARTESIAN_POINT('',(-0.32,-4.76,-3.));
#3456 = VECTOR('',#3457,1.);
#3457 = DIRECTION('',(0.,0.,1.));
#3458 = ORIENTED_EDGE('',*,*,#2674,.F.);
#3459 = PLANE('',#3460);
#3460 = AXIS2_PLACEMENT_3D('',#3461,#3462,#3463);
#3461 = CARTESIAN_POINT('',(-0.32,-4.76,-3.));
#3462 = DIRECTION('',(0.,1.,0.));
#3463 = DIRECTION('',(0.,-0.,1.));
#3464 = ADVANCED_FACE('',(#3465),#3483,.F.);
#3465 = FACE_BOUND('',#3466,.F.);
#3466 = EDGE_LOOP('',(#3467,#3475,#3481,#3482));
#3467 = ORIENTED_EDGE('',*,*,#3468,.F.);
#3468 = EDGE_CURVE('',#3469,#2693,#3471,.T.);
#3469 = VERTEX_POINT('',#3470);
#3470 = CARTESIAN_POINT('',(-0.32,-5.4,-2.84));
#3471 = LINE('',#3472,#3473);
#3472 = CARTESIAN_POINT('',(-0.32,-5.4,-3.));
#3473 = VECTOR('',#3474,1.);
#3474 = DIRECTION('',(0.,0.,1.));
#3475 = ORIENTED_EDGE('',*,*,#3476,.T.);
#3476 = EDGE_CURVE('',#3469,#3446,#3477,.T.);
#3477 = LINE('',#3478,#3479);
#3478 = CARTESIAN_POINT('',(-0.32,-5.4,-2.84));
#3479 = VECTOR('',#3480,1.);
#3480 = DIRECTION('',(0.,1.,0.));
#3481 = ORIENTED_EDGE('',*,*,#3453,.T.);
#3482 = ORIENTED_EDGE('',*,*,#2700,.F.);
#3483 = PLANE('',#3484);
#3484 = AXIS2_PLACEMENT_3D('',#3485,#3486,#3487);
#3485 = CARTESIAN_POINT('',(-0.32,-5.4,-3.));
#3486 = DIRECTION('',(1.,0.,0.));
#3487 = DIRECTION('',(0.,0.,1.));
#3488 = ADVANCED_FACE('',(#3489),#3507,.F.);
#3489 = FACE_BOUND('',#3490,.F.);
#3490 = EDGE_LOOP('',(#3491,#3499,#3505,#3506));
#3491 = ORIENTED_EDGE('',*,*,#3492,.F.);
#3492 = EDGE_CURVE('',#3493,#2685,#3495,.T.);
#3493 = VERTEX_POINT('',#3494);
#3494 = CARTESIAN_POINT('',(0.32,-5.4,-2.84));
#3495 = LINE('',#3496,#3497);
#3496 = CARTESIAN_POINT('',(0.32,-5.4,-3.));
#3497 = VECTOR('',#3498,1.);
#3498 = DIRECTION('',(0.,0.,1.));
#3499 = ORIENTED_EDGE('',*,*,#3500,.F.);
#3500 = EDGE_CURVE('',#3469,#3493,#3501,.T.);
#3501 = LINE('',#3502,#3503);
#3502 = CARTESIAN_POINT('',(-0.32,-5.4,-2.84));
#3503 = VECTOR('',#3504,1.);
#3504 = DIRECTION('',(1.,0.,0.));
#3505 = ORIENTED_EDGE('',*,*,#3468,.T.);
#3506 = ORIENTED_EDGE('',*,*,#2692,.F.);
#3507 = PLANE('',#3508);
#3508 = AXIS2_PLACEMENT_3D('',#3509,#3510,#3511);
#3509 = CARTESIAN_POINT('',(-0.32,-5.4,-3.));
#3510 = DIRECTION('',(0.,1.,0.));
#3511 = DIRECTION('',(0.,-0.,1.));
#3512 = ADVANCED_FACE('',(#3513),#3524,.T.);
#3513 = FACE_BOUND('',#3514,.T.);
#3514 = EDGE_LOOP('',(#3515,#3516,#3522,#3523));
#3515 = ORIENTED_EDGE('',*,*,#3492,.F.);
#3516 = ORIENTED_EDGE('',*,*,#3517,.T.);
#3517 = EDGE_CURVE('',#3493,#3438,#3518,.T.);
#3518 = LINE('',#3519,#3520);
#3519 = CARTESIAN_POINT('',(0.32,-5.4,-2.84));
#3520 = VECTOR('',#3521,1.);
#3521 = DIRECTION('',(0.,1.,0.));
#3522 = ORIENTED_EDGE('',*,*,#3437,.T.);
#3523 = ORIENTED_EDGE('',*,*,#2684,.F.);
#3524 = PLANE('',#3525);
#3525 = AXIS2_PLACEMENT_3D('',#3526,#3527,#3528);
#3526 = CARTESIAN_POINT('',(0.32,-5.4,-3.));
#3527 = DIRECTION('',(1.,0.,0.));
#3528 = DIRECTION('',(0.,0.,1.));
#3529 = ADVANCED_FACE('',(#3530),#3555,.T.);
#3530 = FACE_BOUND('',#3531,.T.);
#3531 = EDGE_LOOP('',(#3532,#3540,#3541,#3549));
#3532 = ORIENTED_EDGE('',*,*,#3533,.F.);
#3533 = EDGE_CURVE('',#2854,#3534,#3536,.T.);
#3534 = VERTEX_POINT('',#3535);
#3535 = CARTESIAN_POINT('',(0.32,-0.32,8.38));
#3536 = LINE('',#3537,#3538);
#3537 = CARTESIAN_POINT('',(0.32,-0.32,-3.));
#3538 = VECTOR('',#3539,1.);
#3539 = DIRECTION('',(0.,0.,1.));
#3540 = ORIENTED_EDGE('',*,*,#2853,.T.);
#3541 = ORIENTED_EDGE('',*,*,#3542,.T.);
#3542 = EDGE_CURVE('',#2856,#3543,#3545,.T.);
#3543 = VERTEX_POINT('',#3544);
#3544 = CARTESIAN_POINT('',(0.32,0.32,8.38));
#3545 = LINE('',#3546,#3547);
#3546 = CARTESIAN_POINT('',(0.32,0.32,-3.));
#3547 = VECTOR('',#3548,1.);
#3548 = DIRECTION('',(0.,0.,1.));
#3549 = ORIENTED_EDGE('',*,*,#3550,.F.);
#3550 = EDGE_CURVE('',#3534,#3543,#3551,.T.);
#3551 = LINE('',#3552,#3553);
#3552 = CARTESIAN_POINT('',(0.32,-0.32,8.38));
#3553 = VECTOR('',#3554,1.);
#3554 = DIRECTION('',(0.,1.,0.));
#3555 = PLANE('',#3556);
#3556 = AXIS2_PLACEMENT_3D('',#3557,#3558,#3559);
#3557 = CARTESIAN_POINT('',(0.32,-0.32,-3.));
#3558 = DIRECTION('',(1.,0.,0.));
#3559 = DIRECTION('',(0.,0.,1.));
#3560 = ADVANCED_FACE('',(#3561),#3579,.T.);
#3561 = FACE_BOUND('',#3562,.T.);
#3562 = EDGE_LOOP('',(#3563,#3564,#3565,#3573));
#3563 = ORIENTED_EDGE('',*,*,#3542,.F.);
#3564 = ORIENTED_EDGE('',*,*,#2879,.T.);
#3565 = ORIENTED_EDGE('',*,*,#3566,.T.);
#3566 = EDGE_CURVE('',#2872,#3567,#3569,.T.);
#3567 = VERTEX_POINT('',#3568);
#3568 = CARTESIAN_POINT('',(-0.32,0.32,8.38));
#3569 = LINE('',#3570,#3571);
#3570 = CARTESIAN_POINT('',(-0.32,0.32,-3.));
#3571 = VECTOR('',#3572,1.);
#3572 = DIRECTION('',(0.,0.,1.));
#3573 = ORIENTED_EDGE('',*,*,#3574,.T.);
#3574 = EDGE_CURVE('',#3567,#3543,#3575,.T.);
#3575 = LINE('',#3576,#3577);
#3576 = CARTESIAN_POINT('',(-0.32,0.32,8.38));
#3577 = VECTOR('',#3578,1.);
#3578 = DIRECTION('',(1.,0.,0.));
#3579 = PLANE('',#3580);
#3580 = AXIS2_PLACEMENT_3D('',#3581,#3582,#3583);
#3581 = CARTESIAN_POINT('',(-0.32,0.32,-3.));
#3582 = DIRECTION('',(0.,1.,0.));
#3583 = DIRECTION('',(0.,-0.,1.));
#3584 = ADVANCED_FACE('',(#3585),#3603,.F.);
#3585 = FACE_BOUND('',#3586,.F.);
#3586 = EDGE_LOOP('',(#3587,#3595,#3596,#3597));
#3587 = ORIENTED_EDGE('',*,*,#3588,.F.);
#3588 = EDGE_CURVE('',#2864,#3589,#3591,.T.);
#3589 = VERTEX_POINT('',#3590);
#3590 = CARTESIAN_POINT('',(-0.32,-0.32,8.38));
#3591 = LINE('',#3592,#3593);
#3592 = CARTESIAN_POINT('',(-0.32,-0.32,-3.));
#3593 = VECTOR('',#3594,1.);
#3594 = DIRECTION('',(0.,0.,1.));
#3595 = ORIENTED_EDGE('',*,*,#2871,.T.);
#3596 = ORIENTED_EDGE('',*,*,#3566,.T.);
#3597 = ORIENTED_EDGE('',*,*,#3598,.F.);
#3598 = EDGE_CURVE('',#3589,#3567,#3599,.T.);
#3599 = LINE('',#3600,#3601);
#3600 = CARTESIAN_POINT('',(-0.32,-0.32,8.38));
#3601 = VECTOR('',#3602,1.);
#3602 = DIRECTION('',(0.,1.,0.));
#3603 = PLANE('',#3604);
#3604 = AXIS2_PLACEMENT_3D('',#3605,#3606,#3607);
#3605 = CARTESIAN_POINT('',(-0.32,-0.32,-3.));
#3606 = DIRECTION('',(1.,0.,0.));
#3607 = DIRECTION('',(0.,0.,1.));
#3608 = ADVANCED_FACE('',(#3609),#3620,.F.);
#3609 = FACE_BOUND('',#3610,.F.);
#3610 = EDGE_LOOP('',(#3611,#3612,#3613,#3614));
#3611 = ORIENTED_EDGE('',*,*,#3533,.F.);
#3612 = ORIENTED_EDGE('',*,*,#2863,.T.);
#3613 = ORIENTED_EDGE('',*,*,#3588,.T.);
#3614 = ORIENTED_EDGE('',*,*,#3615,.T.);
#3615 = EDGE_CURVE('',#3589,#3534,#3616,.T.);
#3616 = LINE('',#3617,#3618);
#3617 = CARTESIAN_POINT('',(-0.32,-0.32,8.38));
#3618 = VECTOR('',#3619,1.);
#3619 = DIRECTION('',(1.,0.,0.));
#3620 = PLANE('',#3621);
#3621 = AXIS2_PLACEMENT_3D('',#3622,#3623,#3624);
#3622 = CARTESIAN_POINT('',(-0.32,-0.32,-3.));
#3623 = DIRECTION('',(0.,1.,0.));
#3624 = DIRECTION('',(0.,-0.,1.));
#3625 = ADVANCED_FACE('',(#3626),#3651,.F.);
#3626 = FACE_BOUND('',#3627,.F.);
#3627 = EDGE_LOOP('',(#3628,#3636,#3637,#3645));
#3628 = ORIENTED_EDGE('',*,*,#3629,.F.);
#3629 = EDGE_CURVE('',#2888,#3630,#3632,.T.);
#3630 = VERTEX_POINT('',#3631);
#3631 = CARTESIAN_POINT('',(0.32,-2.86,8.38));
#3632 = LINE('',#3633,#3634);
#3633 = CARTESIAN_POINT('',(0.32,-2.86,-3.));
#3634 = VECTOR('',#3635,1.);
#3635 = DIRECTION('',(0.,0.,1.));
#3636 = ORIENTED_EDGE('',*,*,#2887,.T.);
#3637 = ORIENTED_EDGE('',*,*,#3638,.T.);
#3638 = EDGE_CURVE('',#2890,#3639,#3641,.T.);
#3639 = VERTEX_POINT('',#3640);
#3640 = CARTESIAN_POINT('',(-0.32,-2.86,8.38));
#3641 = LINE('',#3642,#3643);
#3642 = CARTESIAN_POINT('',(-0.32,-2.86,-3.));
#3643 = VECTOR('',#3644,1.);
#3644 = DIRECTION('',(0.,0.,1.));
#3645 = ORIENTED_EDGE('',*,*,#3646,.T.);
#3646 = EDGE_CURVE('',#3639,#3630,#3647,.T.);
#3647 = LINE('',#3648,#3649);
#3648 = CARTESIAN_POINT('',(-0.32,-2.86,8.38));
#3649 = VECTOR('',#3650,1.);
#3650 = DIRECTION('',(1.,0.,0.));
#3651 = PLANE('',#3652);
#3652 = AXIS2_PLACEMENT_3D('',#3653,#3654,#3655);
#3653 = CARTESIAN_POINT('',(-0.32,-2.86,-3.));
#3654 = DIRECTION('',(0.,1.,0.));
#3655 = DIRECTION('',(0.,-0.,1.));
#3656 = ADVANCED_FACE('',(#3657),#3675,.T.);
#3657 = FACE_BOUND('',#3658,.T.);
#3658 = EDGE_LOOP('',(#3659,#3660,#3661,#3669));
#3659 = ORIENTED_EDGE('',*,*,#3629,.F.);
#3660 = ORIENTED_EDGE('',*,*,#2913,.T.);
#3661 = ORIENTED_EDGE('',*,*,#3662,.T.);
#3662 = EDGE_CURVE('',#2906,#3663,#3665,.T.);
#3663 = VERTEX_POINT('',#3664);
#3664 = CARTESIAN_POINT('',(0.32,-2.22,8.38));
#3665 = LINE('',#3666,#3667);
#3666 = CARTESIAN_POINT('',(0.32,-2.22,-3.));
#3667 = VECTOR('',#3668,1.);
#3668 = DIRECTION('',(0.,0.,1.));
#3669 = ORIENTED_EDGE('',*,*,#3670,.F.);
#3670 = EDGE_CURVE('',#3630,#3663,#3671,.T.);
#3671 = LINE('',#3672,#3673);
#3672 = CARTESIAN_POINT('',(0.32,-2.86,8.38));
#3673 = VECTOR('',#3674,1.);
#3674 = DIRECTION('',(0.,1.,0.));
#3675 = PLANE('',#3676);
#3676 = AXIS2_PLACEMENT_3D('',#3677,#3678,#3679);
#3677 = CARTESIAN_POINT('',(0.32,-2.86,-3.));
#3678 = DIRECTION('',(1.,0.,0.));
#3679 = DIRECTION('',(0.,0.,1.));
#3680 = ADVANCED_FACE('',(#3681),#3699,.T.);
#3681 = FACE_BOUND('',#3682,.T.);
#3682 = EDGE_LOOP('',(#3683,#3684,#3685,#3693));
#3683 = ORIENTED_EDGE('',*,*,#3662,.F.);
#3684 = ORIENTED_EDGE('',*,*,#2905,.T.);
#3685 = ORIENTED_EDGE('',*,*,#3686,.T.);
#3686 = EDGE_CURVE('',#2898,#3687,#3689,.T.);
#3687 = VERTEX_POINT('',#3688);
#3688 = CARTESIAN_POINT('',(-0.32,-2.22,8.38));
#3689 = LINE('',#3690,#3691);
#3690 = CARTESIAN_POINT('',(-0.32,-2.22,-3.));
#3691 = VECTOR('',#3692,1.);
#3692 = DIRECTION('',(0.,0.,1.));
#3693 = ORIENTED_EDGE('',*,*,#3694,.T.);
#3694 = EDGE_CURVE('',#3687,#3663,#3695,.T.);
#3695 = LINE('',#3696,#3697);
#3696 = CARTESIAN_POINT('',(-0.32,-2.22,8.38));
#3697 = VECTOR('',#3698,1.);
#3698 = DIRECTION('',(1.,0.,0.));
#3699 = PLANE('',#3700);
#3700 = AXIS2_PLACEMENT_3D('',#3701,#3702,#3703);
#3701 = CARTESIAN_POINT('',(-0.32,-2.22,-3.));
#3702 = DIRECTION('',(0.,1.,0.));
#3703 = DIRECTION('',(0.,-0.,1.));
#3704 = ADVANCED_FACE('',(#3705),#3716,.F.);
#3705 = FACE_BOUND('',#3706,.F.);
#3706 = EDGE_LOOP('',(#3707,#3708,#3709,#3710));
#3707 = ORIENTED_EDGE('',*,*,#3638,.F.);
#3708 = ORIENTED_EDGE('',*,*,#2897,.T.);
#3709 = ORIENTED_EDGE('',*,*,#3686,.T.);
#3710 = ORIENTED_EDGE('',*,*,#3711,.F.);
#3711 = EDGE_CURVE('',#3639,#3687,#3712,.T.);
#3712 = LINE('',#3713,#3714);
#3713 = CARTESIAN_POINT('',(-0.32,-2.86,8.38));
#3714 = VECTOR('',#3715,1.);
#3715 = DIRECTION('',(0.,1.,0.));
#3716 = PLANE('',#3717);
#3717 = AXIS2_PLACEMENT_3D('',#3718,#3719,#3720);
#3718 = CARTESIAN_POINT('',(-0.32,-2.86,-3.));
#3719 = DIRECTION('',(1.,0.,0.));
#3720 = DIRECTION('',(0.,0.,1.));
#3721 = ADVANCED_FACE('',(#3722),#3747,.T.);
#3722 = FACE_BOUND('',#3723,.T.);
#3723 = EDGE_LOOP('',(#3724,#3732,#3733,#3741));
#3724 = ORIENTED_EDGE('',*,*,#3725,.F.);
#3725 = EDGE_CURVE('',#2922,#3726,#3728,.T.);
#3726 = VERTEX_POINT('',#3727);
#3727 = CARTESIAN_POINT('',(0.32,-4.76,8.38));
#3728 = LINE('',#3729,#3730);
#3729 = CARTESIAN_POINT('',(0.32,-4.76,-3.));
#3730 = VECTOR('',#3731,1.);
#3731 = DIRECTION('',(0.,0.,1.));
#3732 = ORIENTED_EDGE('',*,*,#2921,.T.);
#3733 = ORIENTED_EDGE('',*,*,#3734,.T.);
#3734 = EDGE_CURVE('',#2924,#3735,#3737,.T.);
#3735 = VERTEX_POINT('',#3736);
#3736 = CARTESIAN_POINT('',(-0.32,-4.76,8.38));
#3737 = LINE('',#3738,#3739);
#3738 = CARTESIAN_POINT('',(-0.32,-4.76,-3.));
#3739 = VECTOR('',#3740,1.);
#3740 = DIRECTION('',(0.,0.,1.));
#3741 = ORIENTED_EDGE('',*,*,#3742,.T.);
#3742 = EDGE_CURVE('',#3735,#3726,#3743,.T.);
#3743 = LINE('',#3744,#3745);
#3744 = CARTESIAN_POINT('',(-0.32,-4.76,8.38));
#3745 = VECTOR('',#3746,1.);
#3746 = DIRECTION('',(1.,0.,0.));
#3747 = PLANE('',#3748);
#3748 = AXIS2_PLACEMENT_3D('',#3749,#3750,#3751);
#3749 = CARTESIAN_POINT('',(-0.32,-4.76,-3.));
#3750 = DIRECTION('',(0.,1.,0.));
#3751 = DIRECTION('',(0.,-0.,1.));
#3752 = ADVANCED_FACE('',(#3753),#3771,.F.);
#3753 = FACE_BOUND('',#3754,.F.);
#3754 = EDGE_LOOP('',(#3755,#3763,#3764,#3765));
#3755 = ORIENTED_EDGE('',*,*,#3756,.F.);
#3756 = EDGE_CURVE('',#2940,#3757,#3759,.T.);
#3757 = VERTEX_POINT('',#3758);
#3758 = CARTESIAN_POINT('',(-0.32,-5.4,8.38));
#3759 = LINE('',#3760,#3761);
#3760 = CARTESIAN_POINT('',(-0.32,-5.4,-3.));
#3761 = VECTOR('',#3762,1.);
#3762 = DIRECTION('',(0.,0.,1.));
#3763 = ORIENTED_EDGE('',*,*,#2947,.T.);
#3764 = ORIENTED_EDGE('',*,*,#3734,.T.);
#3765 = ORIENTED_EDGE('',*,*,#3766,.F.);
#3766 = EDGE_CURVE('',#3757,#3735,#3767,.T.);
#3767 = LINE('',#3768,#3769);
#3768 = CARTESIAN_POINT('',(-0.32,-5.4,8.38));
#3769 = VECTOR('',#3770,1.);
#3770 = DIRECTION('',(0.,1.,0.));
#3771 = PLANE('',#3772);
#3772 = AXIS2_PLACEMENT_3D('',#3773,#3774,#3775);
#3773 = CARTESIAN_POINT('',(-0.32,-5.4,-3.));
#3774 = DIRECTION('',(1.,0.,0.));
#3775 = DIRECTION('',(0.,0.,1.));
#3776 = ADVANCED_FACE('',(#3777),#3795,.F.);
#3777 = FACE_BOUND('',#3778,.F.);
#3778 = EDGE_LOOP('',(#3779,#3787,#3788,#3789));
#3779 = ORIENTED_EDGE('',*,*,#3780,.F.);
#3780 = EDGE_CURVE('',#2932,#3781,#3783,.T.);
#3781 = VERTEX_POINT('',#3782);
#3782 = CARTESIAN_POINT('',(0.32,-5.4,8.38));
#3783 = LINE('',#3784,#3785);
#3784 = CARTESIAN_POINT('',(0.32,-5.4,-3.));
#3785 = VECTOR('',#3786,1.);
#3786 = DIRECTION('',(0.,0.,1.));
#3787 = ORIENTED_EDGE('',*,*,#2939,.T.);
#3788 = ORIENTED_EDGE('',*,*,#3756,.T.);
#3789 = ORIENTED_EDGE('',*,*,#3790,.T.);
#3790 = EDGE_CURVE('',#3757,#3781,#3791,.T.);
#3791 = LINE('',#3792,#3793);
#3792 = CARTESIAN_POINT('',(-0.32,-5.4,8.38));
#3793 = VECTOR('',#3794,1.);
#3794 = DIRECTION('',(1.,0.,0.));
#3795 = PLANE('',#3796);
#3796 = AXIS2_PLACEMENT_3D('',#3797,#3798,#3799);
#3797 = CARTESIAN_POINT('',(-0.32,-5.4,-3.));
#3798 = DIRECTION('',(0.,1.,0.));
#3799 = DIRECTION('',(0.,-0.,1.));
#3800 = ADVANCED_FACE('',(#3801),#3812,.T.);
#3801 = FACE_BOUND('',#3802,.T.);
#3802 = EDGE_LOOP('',(#3803,#3804,#3805,#3806));
#3803 = ORIENTED_EDGE('',*,*,#3780,.F.);
#3804 = ORIENTED_EDGE('',*,*,#2931,.T.);
#3805 = ORIENTED_EDGE('',*,*,#3725,.T.);
#3806 = ORIENTED_EDGE('',*,*,#3807,.F.);
#3807 = EDGE_CURVE('',#3781,#3726,#3808,.T.);
#3808 = LINE('',#3809,#3810);
#3809 = CARTESIAN_POINT('',(0.32,-5.4,8.38));
#3810 = VECTOR('',#3811,1.);
#3811 = DIRECTION('',(0.,1.,0.));
#3812 = PLANE('',#3813);
#3813 = AXIS2_PLACEMENT_3D('',#3814,#3815,#3816);
#3814 = CARTESIAN_POINT('',(0.32,-5.4,-3.));
#3815 = DIRECTION('',(1.,0.,0.));
#3816 = DIRECTION('',(0.,0.,1.));
#3817 = ADVANCED_FACE('',(#3818),#3843,.F.);
#3818 = FACE_BOUND('',#3819,.F.);
#3819 = EDGE_LOOP('',(#3820,#3828,#3829,#3837));
#3820 = ORIENTED_EDGE('',*,*,#3821,.F.);
#3821 = EDGE_CURVE('',#3246,#3822,#3824,.T.);
#3822 = VERTEX_POINT('',#3823);
#3823 = CARTESIAN_POINT('',(0.16,-0.16,-3.));
#3824 = LINE('',#3825,#3826);
#3825 = CARTESIAN_POINT('',(0.16,-0.16,-3.));
#3826 = VECTOR('',#3827,1.);
#3827 = DIRECTION('',(-0.57735026919,0.57735026919,-0.57735026919));
#3828 = ORIENTED_EDGE('',*,*,#3253,.T.);
#3829 = ORIENTED_EDGE('',*,*,#3830,.T.);
#3830 = EDGE_CURVE('',#3254,#3831,#3833,.T.);
#3831 = VERTEX_POINT('',#3832);
#3832 = CARTESIAN_POINT('',(0.16,0.16,-3.));
#3833 = LINE('',#3834,#3835);
#3834 = CARTESIAN_POINT('',(5.333333333333E-02,5.333333333333E-02,
    -3.106666666667));
#3835 = VECTOR('',#3836,1.);
#3836 = DIRECTION('',(-0.57735026919,-0.57735026919,-0.57735026919));
#3837 = ORIENTED_EDGE('',*,*,#3838,.F.);
#3838 = EDGE_CURVE('',#3822,#3831,#3839,.T.);
#3839 = LINE('',#3840,#3841);
#3840 = CARTESIAN_POINT('',(0.16,-0.32,-3.));
#3841 = VECTOR('',#3842,1.);
#3842 = DIRECTION('',(0.,1.,0.));
#3843 = PLANE('',#3844);
#3844 = AXIS2_PLACEMENT_3D('',#3845,#3846,#3847);
#3845 = CARTESIAN_POINT('',(0.24,-0.32,-2.92));
#3846 = DIRECTION('',(-0.707106781187,1.735167508357E-18,0.707106781187)
  );
#3847 = DIRECTION('',(1.226948711654E-18,1.,-1.226948711654E-18));
#3848 = ADVANCED_FACE('',(#3849),#3867,.F.);
#3849 = FACE_BOUND('',#3850,.T.);
#3850 = EDGE_LOOP('',(#3851,#3859,#3860,#3861));
#3851 = ORIENTED_EDGE('',*,*,#3852,.F.);
#3852 = EDGE_CURVE('',#3278,#3853,#3855,.T.);
#3853 = VERTEX_POINT('',#3854);
#3854 = CARTESIAN_POINT('',(-0.16,0.16,-3.));
#3855 = LINE('',#3856,#3857);
#3856 = CARTESIAN_POINT('',(-0.16,0.16,-3.));
#3857 = VECTOR('',#3858,1.);
#3858 = DIRECTION('',(0.57735026919,-0.57735026919,-0.57735026919));
#3859 = ORIENTED_EDGE('',*,*,#3277,.T.);
#3860 = ORIENTED_EDGE('',*,*,#3830,.T.);
#3861 = ORIENTED_EDGE('',*,*,#3862,.F.);
#3862 = EDGE_CURVE('',#3853,#3831,#3863,.T.);
#3863 = LINE('',#3864,#3865);
#3864 = CARTESIAN_POINT('',(-0.32,0.16,-3.));
#3865 = VECTOR('',#3866,1.);
#3866 = DIRECTION('',(1.,0.,0.));
#3867 = PLANE('',#3868);
#3868 = AXIS2_PLACEMENT_3D('',#3869,#3870,#3871);
#3869 = CARTESIAN_POINT('',(-0.32,0.24,-2.92));
#3870 = DIRECTION('',(-1.735167508357E-18,-0.707106781187,0.707106781187
    ));
#3871 = DIRECTION('',(-1.,1.226948711654E-18,-1.226948711654E-18));
#3872 = ADVANCED_FACE('',(#3873),#3891,.T.);
#3873 = FACE_BOUND('',#3874,.T.);
#3874 = EDGE_LOOP('',(#3875,#3883,#3884,#3885));
#3875 = ORIENTED_EDGE('',*,*,#3876,.F.);
#3876 = EDGE_CURVE('',#3301,#3877,#3879,.T.);
#3877 = VERTEX_POINT('',#3878);
#3878 = CARTESIAN_POINT('',(-0.16,-0.16,-3.));
#3879 = LINE('',#3880,#3881);
#3880 = CARTESIAN_POINT('',(-0.266666666667,-0.266666666667,
    -2.893333333333));
#3881 = VECTOR('',#3882,1.);
#3882 = DIRECTION('',(0.57735026919,0.57735026919,-0.57735026919));
#3883 = ORIENTED_EDGE('',*,*,#3308,.T.);
#3884 = ORIENTED_EDGE('',*,*,#3852,.T.);
#3885 = ORIENTED_EDGE('',*,*,#3886,.F.);
#3886 = EDGE_CURVE('',#3877,#3853,#3887,.T.);
#3887 = LINE('',#3888,#3889);
#3888 = CARTESIAN_POINT('',(-0.16,-0.32,-3.));
#3889 = VECTOR('',#3890,1.);
#3890 = DIRECTION('',(0.,1.,0.));
#3891 = PLANE('',#3892);
#3892 = AXIS2_PLACEMENT_3D('',#3893,#3894,#3895);
#3893 = CARTESIAN_POINT('',(-0.24,-0.32,-2.92));
#3894 = DIRECTION('',(-0.707106781187,-1.735167508357E-18,
    -0.707106781187));
#3895 = DIRECTION('',(-1.226948711654E-18,1.,-1.226948711654E-18));
#3896 = ADVANCED_FACE('',(#3897),#3908,.T.);
#3897 = FACE_BOUND('',#3898,.F.);
#3898 = EDGE_LOOP('',(#3899,#3900,#3901,#3902));
#3899 = ORIENTED_EDGE('',*,*,#3876,.F.);
#3900 = ORIENTED_EDGE('',*,*,#3325,.T.);
#3901 = ORIENTED_EDGE('',*,*,#3821,.T.);
#3902 = ORIENTED_EDGE('',*,*,#3903,.F.);
#3903 = EDGE_CURVE('',#3877,#3822,#3904,.T.);
#3904 = LINE('',#3905,#3906);
#3905 = CARTESIAN_POINT('',(-0.32,-0.16,-3.));
#3906 = VECTOR('',#3907,1.);
#3907 = DIRECTION('',(1.,0.,0.));
#3908 = PLANE('',#3909);
#3909 = AXIS2_PLACEMENT_3D('',#3910,#3911,#3912);
#3910 = CARTESIAN_POINT('',(-0.32,-0.24,-2.92));
#3911 = DIRECTION('',(1.735167508357E-18,-0.707106781187,-0.707106781187
    ));
#3912 = DIRECTION('',(-1.,-1.226948711654E-18,-1.226948711654E-18));
#3913 = ADVANCED_FACE('',(#3914),#3939,.T.);
#3914 = FACE_BOUND('',#3915,.F.);
#3915 = EDGE_LOOP('',(#3916,#3924,#3925,#3933));
#3916 = ORIENTED_EDGE('',*,*,#3917,.F.);
#3917 = EDGE_CURVE('',#3350,#3918,#3920,.T.);
#3918 = VERTEX_POINT('',#3919);
#3919 = CARTESIAN_POINT('',(-0.16,-2.7,-3.));
#3920 = LINE('',#3921,#3922);
#3921 = CARTESIAN_POINT('',(-0.266666666667,-2.806666666667,
    -2.893333333333));
#3922 = VECTOR('',#3923,1.);
#3923 = DIRECTION('',(0.57735026919,0.57735026919,-0.57735026919));
#3924 = ORIENTED_EDGE('',*,*,#3349,.T.);
#3925 = ORIENTED_EDGE('',*,*,#3926,.T.);
#3926 = EDGE_CURVE('',#3342,#3927,#3929,.T.);
#3927 = VERTEX_POINT('',#3928);
#3928 = CARTESIAN_POINT('',(0.16,-2.7,-3.));
#3929 = LINE('',#3930,#3931);
#3930 = CARTESIAN_POINT('',(0.16,-2.7,-3.));
#3931 = VECTOR('',#3932,1.);
#3932 = DIRECTION('',(-0.57735026919,0.57735026919,-0.57735026919));
#3933 = ORIENTED_EDGE('',*,*,#3934,.F.);
#3934 = EDGE_CURVE('',#3918,#3927,#3935,.T.);
#3935 = LINE('',#3936,#3937);
#3936 = CARTESIAN_POINT('',(-0.32,-2.7,-3.));
#3937 = VECTOR('',#3938,1.);
#3938 = DIRECTION('',(1.,0.,0.));
#3939 = PLANE('',#3940);
#3940 = AXIS2_PLACEMENT_3D('',#3941,#3942,#3943);
#3941 = CARTESIAN_POINT('',(-0.32,-2.78,-2.92));
#3942 = DIRECTION('',(1.735167508357E-18,-0.707106781187,-0.707106781187
    ));
#3943 = DIRECTION('',(-1.,-1.226948711654E-18,-1.226948711654E-18));
#3944 = ADVANCED_FACE('',(#3945),#3963,.F.);
#3945 = FACE_BOUND('',#3946,.F.);
#3946 = EDGE_LOOP('',(#3947,#3948,#3949,#3957));
#3947 = ORIENTED_EDGE('',*,*,#3926,.F.);
#3948 = ORIENTED_EDGE('',*,*,#3373,.T.);
#3949 = ORIENTED_EDGE('',*,*,#3950,.T.);
#3950 = EDGE_CURVE('',#3374,#3951,#3953,.T.);
#3951 = VERTEX_POINT('',#3952);
#3952 = CARTESIAN_POINT('',(0.16,-2.38,-3.));
#3953 = LINE('',#3954,#3955);
#3954 = CARTESIAN_POINT('',(5.333333333333E-02,-2.486666666667,
    -3.106666666667));
#3955 = VECTOR('',#3956,1.);
#3956 = DIRECTION('',(-0.57735026919,-0.57735026919,-0.57735026919));
#3957 = ORIENTED_EDGE('',*,*,#3958,.F.);
#3958 = EDGE_CURVE('',#3927,#3951,#3959,.T.);
#3959 = LINE('',#3960,#3961);
#3960 = CARTESIAN_POINT('',(0.16,-2.86,-3.));
#3961 = VECTOR('',#3962,1.);
#3962 = DIRECTION('',(0.,1.,0.));
#3963 = PLANE('',#3964);
#3964 = AXIS2_PLACEMENT_3D('',#3965,#3966,#3967);
#3965 = CARTESIAN_POINT('',(0.24,-2.86,-2.92));
#3966 = DIRECTION('',(-0.707106781187,1.735167508357E-18,0.707106781187)
  );
#3967 = DIRECTION('',(1.226948711654E-18,1.,-1.226948711654E-18));
#3968 = ADVANCED_FACE('',(#3969),#3987,.F.);
#3969 = FACE_BOUND('',#3970,.T.);
#3970 = EDGE_LOOP('',(#3971,#3979,#3980,#3981));
#3971 = ORIENTED_EDGE('',*,*,#3972,.F.);
#3972 = EDGE_CURVE('',#3398,#3973,#3975,.T.);
#3973 = VERTEX_POINT('',#3974);
#3974 = CARTESIAN_POINT('',(-0.16,-2.38,-3.));
#3975 = LINE('',#3976,#3977);
#3976 = CARTESIAN_POINT('',(-0.16,-2.38,-3.));
#3977 = VECTOR('',#3978,1.);
#3978 = DIRECTION('',(0.57735026919,-0.57735026919,-0.57735026919));
#3979 = ORIENTED_EDGE('',*,*,#3397,.T.);
#3980 = ORIENTED_EDGE('',*,*,#3950,.T.);
#3981 = ORIENTED_EDGE('',*,*,#3982,.F.);
#3982 = EDGE_CURVE('',#3973,#3951,#3983,.T.);
#3983 = LINE('',#3984,#3985);
#3984 = CARTESIAN_POINT('',(-0.32,-2.38,-3.));
#3985 = VECTOR('',#3986,1.);
#3986 = DIRECTION('',(1.,0.,0.));
#3987 = PLANE('',#3988);
#3988 = AXIS2_PLACEMENT_3D('',#3989,#3990,#3991);
#3989 = CARTESIAN_POINT('',(-0.32,-2.3,-2.92));
#3990 = DIRECTION('',(-1.735167508357E-18,-0.707106781187,0.707106781187
    ));
#3991 = DIRECTION('',(-1.,1.226948711654E-18,-1.226948711654E-18));
#3992 = ADVANCED_FACE('',(#3993),#4004,.T.);
#3993 = FACE_BOUND('',#3994,.T.);
#3994 = EDGE_LOOP('',(#3995,#3996,#3997,#3998));
#3995 = ORIENTED_EDGE('',*,*,#3917,.F.);
#3996 = ORIENTED_EDGE('',*,*,#3421,.T.);
#3997 = ORIENTED_EDGE('',*,*,#3972,.T.);
#3998 = ORIENTED_EDGE('',*,*,#3999,.F.);
#3999 = EDGE_CURVE('',#3918,#3973,#4000,.T.);
#4000 = LINE('',#4001,#4002);
#4001 = CARTESIAN_POINT('',(-0.16,-2.86,-3.));
#4002 = VECTOR('',#4003,1.);
#4003 = DIRECTION('',(0.,1.,0.));
#4004 = PLANE('',#4005);
#4005 = AXIS2_PLACEMENT_3D('',#4006,#4007,#4008);
#4006 = CARTESIAN_POINT('',(-0.24,-2.86,-2.92));
#4007 = DIRECTION('',(-0.707106781187,-1.735167508357E-18,
    -0.707106781187));
#4008 = DIRECTION('',(-1.226948711654E-18,1.,-1.226948711654E-18));
#4009 = ADVANCED_FACE('',(#4010),#4035,.F.);
#4010 = FACE_BOUND('',#4011,.T.);
#4011 = EDGE_LOOP('',(#4012,#4020,#4021,#4029));
#4012 = ORIENTED_EDGE('',*,*,#4013,.F.);
#4013 = EDGE_CURVE('',#3446,#4014,#4016,.T.);
#4014 = VERTEX_POINT('',#4015);
#4015 = CARTESIAN_POINT('',(-0.16,-4.92,-3.));
#4016 = LINE('',#4017,#4018);
#4017 = CARTESIAN_POINT('',(-0.16,-4.92,-3.));
#4018 = VECTOR('',#4019,1.);
#4019 = DIRECTION('',(0.57735026919,-0.57735026919,-0.57735026919));
#4020 = ORIENTED_EDGE('',*,*,#3445,.T.);
#4021 = ORIENTED_EDGE('',*,*,#4022,.T.);
#4022 = EDGE_CURVE('',#3438,#4023,#4025,.T.);
#4023 = VERTEX_POINT('',#4024);
#4024 = CARTESIAN_POINT('',(0.16,-4.92,-3.));
#4025 = LINE('',#4026,#4027);
#4026 = CARTESIAN_POINT('',(5.333333333333E-02,-5.026666666667,
    -3.106666666667));
#4027 = VECTOR('',#4028,1.);
#4028 = DIRECTION('',(-0.57735026919,-0.57735026919,-0.57735026919));
#4029 = ORIENTED_EDGE('',*,*,#4030,.F.);
#4030 = EDGE_CURVE('',#4014,#4023,#4031,.T.);
#4031 = LINE('',#4032,#4033);
#4032 = CARTESIAN_POINT('',(-0.32,-4.92,-3.));
#4033 = VECTOR('',#4034,1.);
#4034 = DIRECTION('',(1.,0.,0.));
#4035 = PLANE('',#4036);
#4036 = AXIS2_PLACEMENT_3D('',#4037,#4038,#4039);
#4037 = CARTESIAN_POINT('',(-0.32,-4.84,-2.92));
#4038 = DIRECTION('',(-1.735167508357E-18,-0.707106781187,0.707106781187
    ));
#4039 = DIRECTION('',(-1.,1.226948711654E-18,-1.226948711654E-18));
#4040 = ADVANCED_FACE('',(#4041),#4059,.T.);
#4041 = FACE_BOUND('',#4042,.T.);
#4042 = EDGE_LOOP('',(#4043,#4051,#4052,#4053));
#4043 = ORIENTED_EDGE('',*,*,#4044,.F.);
#4044 = EDGE_CURVE('',#3469,#4045,#4047,.T.);
#4045 = VERTEX_POINT('',#4046);
#4046 = CARTESIAN_POINT('',(-0.16,-5.24,-3.));
#4047 = LINE('',#4048,#4049);
#4048 = CARTESIAN_POINT('',(-0.266666666667,-5.346666666667,
    -2.893333333333));
#4049 = VECTOR('',#4050,1.);
#4050 = DIRECTION('',(0.57735026919,0.57735026919,-0.57735026919));
#4051 = ORIENTED_EDGE('',*,*,#3476,.T.);
#4052 = ORIENTED_EDGE('',*,*,#4013,.T.);
#4053 = ORIENTED_EDGE('',*,*,#4054,.F.);
#4054 = EDGE_CURVE('',#4045,#4014,#4055,.T.);
#4055 = LINE('',#4056,#4057);
#4056 = CARTESIAN_POINT('',(-0.16,-5.4,-3.));
#4057 = VECTOR('',#4058,1.);
#4058 = DIRECTION('',(0.,1.,0.));
#4059 = PLANE('',#4060);
#4060 = AXIS2_PLACEMENT_3D('',#4061,#4062,#4063);
#4061 = CARTESIAN_POINT('',(-0.24,-5.4,-2.92));
#4062 = DIRECTION('',(-0.707106781187,-1.735167508357E-18,
    -0.707106781187));
#4063 = DIRECTION('',(-1.226948711654E-18,1.,-1.226948711654E-18));
#4064 = ADVANCED_FACE('',(#4065),#4083,.T.);
#4065 = FACE_BOUND('',#4066,.F.);
#4066 = EDGE_LOOP('',(#4067,#4068,#4069,#4077));
#4067 = ORIENTED_EDGE('',*,*,#4044,.F.);
#4068 = ORIENTED_EDGE('',*,*,#3500,.T.);
#4069 = ORIENTED_EDGE('',*,*,#4070,.T.);
#4070 = EDGE_CURVE('',#3493,#4071,#4073,.T.);
#4071 = VERTEX_POINT('',#4072);
#4072 = CARTESIAN_POINT('',(0.16,-5.24,-3.));
#4073 = LINE('',#4074,#4075);
#4074 = CARTESIAN_POINT('',(0.16,-5.24,-3.));
#4075 = VECTOR('',#4076,1.);
#4076 = DIRECTION('',(-0.57735026919,0.57735026919,-0.57735026919));
#4077 = ORIENTED_EDGE('',*,*,#4078,.F.);
#4078 = EDGE_CURVE('',#4045,#4071,#4079,.T.);
#4079 = LINE('',#4080,#4081);
#4080 = CARTESIAN_POINT('',(-0.32,-5.24,-3.));
#4081 = VECTOR('',#4082,1.);
#4082 = DIRECTION('',(1.,0.,0.));
#4083 = PLANE('',#4084);
#4084 = AXIS2_PLACEMENT_3D('',#4085,#4086,#4087);
#4085 = CARTESIAN_POINT('',(-0.32,-5.32,-2.92));
#4086 = DIRECTION('',(1.735167508357E-18,-0.707106781187,-0.707106781187
    ));
#4087 = DIRECTION('',(-1.,-1.226948711654E-18,-1.226948711654E-18));
#4088 = ADVANCED_FACE('',(#4089),#4100,.F.);
#4089 = FACE_BOUND('',#4090,.F.);
#4090 = EDGE_LOOP('',(#4091,#4092,#4093,#4094));
#4091 = ORIENTED_EDGE('',*,*,#4070,.F.);
#4092 = ORIENTED_EDGE('',*,*,#3517,.T.);
#4093 = ORIENTED_EDGE('',*,*,#4022,.T.);
#4094 = ORIENTED_EDGE('',*,*,#4095,.F.);
#4095 = EDGE_CURVE('',#4071,#4023,#4096,.T.);
#4096 = LINE('',#4097,#4098);
#4097 = CARTESIAN_POINT('',(0.16,-5.4,-3.));
#4098 = VECTOR('',#4099,1.);
#4099 = DIRECTION('',(0.,1.,0.));
#4100 = PLANE('',#4101);
#4101 = AXIS2_PLACEMENT_3D('',#4102,#4103,#4104);
#4102 = CARTESIAN_POINT('',(0.24,-5.4,-2.92));
#4103 = DIRECTION('',(-0.707106781187,1.735167508357E-18,0.707106781187)
  );
#4104 = DIRECTION('',(1.226948711654E-18,1.,-1.226948711654E-18));
#4105 = ADVANCED_FACE('',(#4106),#4131,.T.);
#4106 = FACE_BOUND('',#4107,.T.);
#4107 = EDGE_LOOP('',(#4108,#4116,#4117,#4125));
#4108 = ORIENTED_EDGE('',*,*,#4109,.F.);
#4109 = EDGE_CURVE('',#3534,#4110,#4112,.T.);
#4110 = VERTEX_POINT('',#4111);
#4111 = CARTESIAN_POINT('',(0.16,-0.16,8.54));
#4112 = LINE('',#4113,#4114);
#4113 = CARTESIAN_POINT('',(0.16,-0.16,8.54));
#4114 = VECTOR('',#4115,1.);
#4115 = DIRECTION('',(-0.57735026919,0.57735026919,0.57735026919));
#4116 = ORIENTED_EDGE('',*,*,#3550,.T.);
#4117 = ORIENTED_EDGE('',*,*,#4118,.T.);
#4118 = EDGE_CURVE('',#3543,#4119,#4121,.T.);
#4119 = VERTEX_POINT('',#4120);
#4120 = CARTESIAN_POINT('',(0.16,0.16,8.54));
#4121 = LINE('',#4122,#4123);
#4122 = CARTESIAN_POINT('',(5.333333333333E-02,5.333333333333E-02,
    8.646666666667));
#4123 = VECTOR('',#4124,1.);
#4124 = DIRECTION('',(-0.57735026919,-0.57735026919,0.57735026919));
#4125 = ORIENTED_EDGE('',*,*,#4126,.F.);
#4126 = EDGE_CURVE('',#4110,#4119,#4127,.T.);
#4127 = LINE('',#4128,#4129);
#4128 = CARTESIAN_POINT('',(0.16,-0.32,8.54));
#4129 = VECTOR('',#4130,1.);
#4130 = DIRECTION('',(0.,1.,0.));
#4131 = PLANE('',#4132);
#4132 = AXIS2_PLACEMENT_3D('',#4133,#4134,#4135);
#4133 = CARTESIAN_POINT('',(0.24,-0.32,8.46));
#4134 = DIRECTION('',(0.707106781187,-1.735167508357E-18,0.707106781187)
  );
#4135 = DIRECTION('',(1.226948711654E-18,1.,1.226948711654E-18));
#4136 = ADVANCED_FACE('',(#4137),#4155,.T.);
#4137 = FACE_BOUND('',#4138,.F.);
#4138 = EDGE_LOOP('',(#4139,#4147,#4148,#4149));
#4139 = ORIENTED_EDGE('',*,*,#4140,.F.);
#4140 = EDGE_CURVE('',#3567,#4141,#4143,.T.);
#4141 = VERTEX_POINT('',#4142);
#4142 = CARTESIAN_POINT('',(-0.16,0.16,8.54));
#4143 = LINE('',#4144,#4145);
#4144 = CARTESIAN_POINT('',(-0.16,0.16,8.54));
#4145 = VECTOR('',#4146,1.);
#4146 = DIRECTION('',(0.57735026919,-0.57735026919,0.57735026919));
#4147 = ORIENTED_EDGE('',*,*,#3574,.T.);
#4148 = ORIENTED_EDGE('',*,*,#4118,.T.);
#4149 = ORIENTED_EDGE('',*,*,#4150,.F.);
#4150 = EDGE_CURVE('',#4141,#4119,#4151,.T.);
#4151 = LINE('',#4152,#4153);
#4152 = CARTESIAN_POINT('',(-0.32,0.16,8.54));
#4153 = VECTOR('',#4154,1.);
#4154 = DIRECTION('',(1.,0.,0.));
#4155 = PLANE('',#4156);
#4156 = AXIS2_PLACEMENT_3D('',#4157,#4158,#4159);
#4157 = CARTESIAN_POINT('',(-0.32,0.24,8.46));
#4158 = DIRECTION('',(1.735167508357E-18,0.707106781187,0.707106781187)
  );
#4159 = DIRECTION('',(-1.,1.226948711654E-18,1.226948711654E-18));
#4160 = ADVANCED_FACE('',(#4161),#4179,.F.);
#4161 = FACE_BOUND('',#4162,.F.);
#4162 = EDGE_LOOP('',(#4163,#4171,#4172,#4173));
#4163 = ORIENTED_EDGE('',*,*,#4164,.F.);
#4164 = EDGE_CURVE('',#3589,#4165,#4167,.T.);
#4165 = VERTEX_POINT('',#4166);
#4166 = CARTESIAN_POINT('',(-0.16,-0.16,8.54));
#4167 = LINE('',#4168,#4169);
#4168 = CARTESIAN_POINT('',(-0.266666666667,-0.266666666667,
    8.433333333333));
#4169 = VECTOR('',#4170,1.);
#4170 = DIRECTION('',(0.57735026919,0.57735026919,0.57735026919));
#4171 = ORIENTED_EDGE('',*,*,#3598,.T.);
#4172 = ORIENTED_EDGE('',*,*,#4140,.T.);
#4173 = ORIENTED_EDGE('',*,*,#4174,.F.);
#4174 = EDGE_CURVE('',#4165,#4141,#4175,.T.);
#4175 = LINE('',#4176,#4177);
#4176 = CARTESIAN_POINT('',(-0.16,-0.32,8.54));
#4177 = VECTOR('',#4178,1.);
#4178 = DIRECTION('',(0.,1.,0.));
#4179 = PLANE('',#4180);
#4180 = AXIS2_PLACEMENT_3D('',#4181,#4182,#4183);
#4181 = CARTESIAN_POINT('',(-0.24,-0.32,8.46));
#4182 = DIRECTION('',(0.707106781187,1.735167508357E-18,-0.707106781187)
  );
#4183 = DIRECTION('',(-1.226948711654E-18,1.,1.226948711654E-18));
#4184 = ADVANCED_FACE('',(#4185),#4196,.F.);
#4185 = FACE_BOUND('',#4186,.T.);
#4186 = EDGE_LOOP('',(#4187,#4188,#4189,#4190));
#4187 = ORIENTED_EDGE('',*,*,#4164,.F.);
#4188 = ORIENTED_EDGE('',*,*,#3615,.T.);
#4189 = ORIENTED_EDGE('',*,*,#4109,.T.);
#4190 = ORIENTED_EDGE('',*,*,#4191,.F.);
#4191 = EDGE_CURVE('',#4165,#4110,#4192,.T.);
#4192 = LINE('',#4193,#4194);
#4193 = CARTESIAN_POINT('',(-0.32,-0.16,8.54));
#4194 = VECTOR('',#4195,1.);
#4195 = DIRECTION('',(1.,0.,0.));
#4196 = PLANE('',#4197);
#4197 = AXIS2_PLACEMENT_3D('',#4198,#4199,#4200);
#4198 = CARTESIAN_POINT('',(-0.32,-0.24,8.46));
#4199 = DIRECTION('',(-1.735167508357E-18,0.707106781187,-0.707106781187
    ));
#4200 = DIRECTION('',(-1.,-1.226948711654E-18,1.226948711654E-18));
#4201 = ADVANCED_FACE('',(#4202),#4227,.F.);
#4202 = FACE_BOUND('',#4203,.T.);
#4203 = EDGE_LOOP('',(#4204,#4212,#4213,#4221));
#4204 = ORIENTED_EDGE('',*,*,#4205,.F.);
#4205 = EDGE_CURVE('',#3639,#4206,#4208,.T.);
#4206 = VERTEX_POINT('',#4207);
#4207 = CARTESIAN_POINT('',(-0.16,-2.7,8.54));
#4208 = LINE('',#4209,#4210);
#4209 = CARTESIAN_POINT('',(-0.266666666667,-2.806666666667,
    8.433333333333));
#4210 = VECTOR('',#4211,1.);
#4211 = DIRECTION('',(0.57735026919,0.57735026919,0.57735026919));
#4212 = ORIENTED_EDGE('',*,*,#3646,.T.);
#4213 = ORIENTED_EDGE('',*,*,#4214,.T.);
#4214 = EDGE_CURVE('',#3630,#4215,#4217,.T.);
#4215 = VERTEX_POINT('',#4216);
#4216 = CARTESIAN_POINT('',(0.16,-2.7,8.54));
#4217 = LINE('',#4218,#4219);
#4218 = CARTESIAN_POINT('',(0.16,-2.7,8.54));
#4219 = VECTOR('',#4220,1.);
#4220 = DIRECTION('',(-0.57735026919,0.57735026919,0.57735026919));
#4221 = ORIENTED_EDGE('',*,*,#4222,.F.);
#4222 = EDGE_CURVE('',#4206,#4215,#4223,.T.);
#4223 = LINE('',#4224,#4225);
#4224 = CARTESIAN_POINT('',(-0.32,-2.7,8.54));
#4225 = VECTOR('',#4226,1.);
#4226 = DIRECTION('',(1.,0.,0.));
#4227 = PLANE('',#4228);
#4228 = AXIS2_PLACEMENT_3D('',#4229,#4230,#4231);
#4229 = CARTESIAN_POINT('',(-0.32,-2.78,8.46));
#4230 = DIRECTION('',(-1.735167508357E-18,0.707106781187,-0.707106781187
    ));
#4231 = DIRECTION('',(-1.,-1.226948711654E-18,1.226948711654E-18));
#4232 = ADVANCED_FACE('',(#4233),#4251,.T.);
#4233 = FACE_BOUND('',#4234,.T.);
#4234 = EDGE_LOOP('',(#4235,#4236,#4237,#4245));
#4235 = ORIENTED_EDGE('',*,*,#4214,.F.);
#4236 = ORIENTED_EDGE('',*,*,#3670,.T.);
#4237 = ORIENTED_EDGE('',*,*,#4238,.T.);
#4238 = EDGE_CURVE('',#3663,#4239,#4241,.T.);
#4239 = VERTEX_POINT('',#4240);
#4240 = CARTESIAN_POINT('',(0.16,-2.38,8.54));
#4241 = LINE('',#4242,#4243);
#4242 = CARTESIAN_POINT('',(5.333333333333E-02,-2.486666666667,
    8.646666666667));
#4243 = VECTOR('',#4244,1.);
#4244 = DIRECTION('',(-0.57735026919,-0.57735026919,0.57735026919));
#4245 = ORIENTED_EDGE('',*,*,#4246,.F.);
#4246 = EDGE_CURVE('',#4215,#4239,#4247,.T.);
#4247 = LINE('',#4248,#4249);
#4248 = CARTESIAN_POINT('',(0.16,-2.86,8.54));
#4249 = VECTOR('',#4250,1.);
#4250 = DIRECTION('',(0.,1.,0.));
#4251 = PLANE('',#4252);
#4252 = AXIS2_PLACEMENT_3D('',#4253,#4254,#4255);
#4253 = CARTESIAN_POINT('',(0.24,-2.86,8.46));
#4254 = DIRECTION('',(0.707106781187,-1.735167508357E-18,0.707106781187)
  );
#4255 = DIRECTION('',(1.226948711654E-18,1.,1.226948711654E-18));
#4256 = ADVANCED_FACE('',(#4257),#4275,.T.);
#4257 = FACE_BOUND('',#4258,.F.);
#4258 = EDGE_LOOP('',(#4259,#4267,#4268,#4269));
#4259 = ORIENTED_EDGE('',*,*,#4260,.F.);
#4260 = EDGE_CURVE('',#3687,#4261,#4263,.T.);
#4261 = VERTEX_POINT('',#4262);
#4262 = CARTESIAN_POINT('',(-0.16,-2.38,8.54));
#4263 = LINE('',#4264,#4265);
#4264 = CARTESIAN_POINT('',(-0.16,-2.38,8.54));
#4265 = VECTOR('',#4266,1.);
#4266 = DIRECTION('',(0.57735026919,-0.57735026919,0.57735026919));
#4267 = ORIENTED_EDGE('',*,*,#3694,.T.);
#4268 = ORIENTED_EDGE('',*,*,#4238,.T.);
#4269 = ORIENTED_EDGE('',*,*,#4270,.F.);
#4270 = EDGE_CURVE('',#4261,#4239,#4271,.T.);
#4271 = LINE('',#4272,#4273);
#4272 = CARTESIAN_POINT('',(-0.32,-2.38,8.54));
#4273 = VECTOR('',#4274,1.);
#4274 = DIRECTION('',(1.,0.,0.));
#4275 = PLANE('',#4276);
#4276 = AXIS2_PLACEMENT_3D('',#4277,#4278,#4279);
#4277 = CARTESIAN_POINT('',(-0.32,-2.3,8.46));
#4278 = DIRECTION('',(1.735167508357E-18,0.707106781187,0.707106781187)
  );
#4279 = DIRECTION('',(-1.,1.226948711654E-18,1.226948711654E-18));
#4280 = ADVANCED_FACE('',(#4281),#4292,.F.);
#4281 = FACE_BOUND('',#4282,.F.);
#4282 = EDGE_LOOP('',(#4283,#4284,#4285,#4286));
#4283 = ORIENTED_EDGE('',*,*,#4205,.F.);
#4284 = ORIENTED_EDGE('',*,*,#3711,.T.);
#4285 = ORIENTED_EDGE('',*,*,#4260,.T.);
#4286 = ORIENTED_EDGE('',*,*,#4287,.F.);
#4287 = EDGE_CURVE('',#4206,#4261,#4288,.T.);
#4288 = LINE('',#4289,#4290);
#4289 = CARTESIAN_POINT('',(-0.16,-2.86,8.54));
#4290 = VECTOR('',#4291,1.);
#4291 = DIRECTION('',(0.,1.,0.));
#4292 = PLANE('',#4293);
#4293 = AXIS2_PLACEMENT_3D('',#4294,#4295,#4296);
#4294 = CARTESIAN_POINT('',(-0.24,-2.86,8.46));
#4295 = DIRECTION('',(0.707106781187,1.735167508357E-18,-0.707106781187)
  );
#4296 = DIRECTION('',(-1.226948711654E-18,1.,1.226948711654E-18));
#4297 = ADVANCED_FACE('',(#4298),#4323,.T.);
#4298 = FACE_BOUND('',#4299,.F.);
#4299 = EDGE_LOOP('',(#4300,#4308,#4309,#4317));
#4300 = ORIENTED_EDGE('',*,*,#4301,.F.);
#4301 = EDGE_CURVE('',#3735,#4302,#4304,.T.);
#4302 = VERTEX_POINT('',#4303);
#4303 = CARTESIAN_POINT('',(-0.16,-4.92,8.54));
#4304 = LINE('',#4305,#4306);
#4305 = CARTESIAN_POINT('',(-0.16,-4.92,8.54));
#4306 = VECTOR('',#4307,1.);
#4307 = DIRECTION('',(0.57735026919,-0.57735026919,0.57735026919));
#4308 = ORIENTED_EDGE('',*,*,#3742,.T.);
#4309 = ORIENTED_EDGE('',*,*,#4310,.T.);
#4310 = EDGE_CURVE('',#3726,#4311,#4313,.T.);
#4311 = VERTEX_POINT('',#4312);
#4312 = CARTESIAN_POINT('',(0.16,-4.92,8.54));
#4313 = LINE('',#4314,#4315);
#4314 = CARTESIAN_POINT('',(5.333333333333E-02,-5.026666666667,
    8.646666666667));
#4315 = VECTOR('',#4316,1.);
#4316 = DIRECTION('',(-0.57735026919,-0.57735026919,0.57735026919));
#4317 = ORIENTED_EDGE('',*,*,#4318,.F.);
#4318 = EDGE_CURVE('',#4302,#4311,#4319,.T.);
#4319 = LINE('',#4320,#4321);
#4320 = CARTESIAN_POINT('',(-0.32,-4.92,8.54));
#4321 = VECTOR('',#4322,1.);
#4322 = DIRECTION('',(1.,0.,0.));
#4323 = PLANE('',#4324);
#4324 = AXIS2_PLACEMENT_3D('',#4325,#4326,#4327);
#4325 = CARTESIAN_POINT('',(-0.32,-4.84,8.46));
#4326 = DIRECTION('',(1.735167508357E-18,0.707106781187,0.707106781187)
  );
#4327 = DIRECTION('',(-1.,1.226948711654E-18,1.226948711654E-18));
#4328 = ADVANCED_FACE('',(#4329),#4347,.F.);
#4329 = FACE_BOUND('',#4330,.F.);
#4330 = EDGE_LOOP('',(#4331,#4339,#4340,#4341));
#4331 = ORIENTED_EDGE('',*,*,#4332,.F.);
#4332 = EDGE_CURVE('',#3757,#4333,#4335,.T.);
#4333 = VERTEX_POINT('',#4334);
#4334 = CARTESIAN_POINT('',(-0.16,-5.24,8.54));
#4335 = LINE('',#4336,#4337);
#4336 = CARTESIAN_POINT('',(-0.266666666667,-5.346666666667,
    8.433333333333));
#4337 = VECTOR('',#4338,1.);
#4338 = DIRECTION('',(0.57735026919,0.57735026919,0.57735026919));
#4339 = ORIENTED_EDGE('',*,*,#3766,.T.);
#4340 = ORIENTED_EDGE('',*,*,#4301,.T.);
#4341 = ORIENTED_EDGE('',*,*,#4342,.F.);
#4342 = EDGE_CURVE('',#4333,#4302,#4343,.T.);
#4343 = LINE('',#4344,#4345);
#4344 = CARTESIAN_POINT('',(-0.16,-5.4,8.54));
#4345 = VECTOR('',#4346,1.);
#4346 = DIRECTION('',(0.,1.,0.));
#4347 = PLANE('',#4348);
#4348 = AXIS2_PLACEMENT_3D('',#4349,#4350,#4351);
#4349 = CARTESIAN_POINT('',(-0.24,-5.4,8.46));
#4350 = DIRECTION('',(0.707106781187,1.735167508357E-18,-0.707106781187)
  );
#4351 = DIRECTION('',(-1.226948711654E-18,1.,1.226948711654E-18));
#4352 = ADVANCED_FACE('',(#4353),#4371,.F.);
#4353 = FACE_BOUND('',#4354,.T.);
#4354 = EDGE_LOOP('',(#4355,#4356,#4357,#4365));
#4355 = ORIENTED_EDGE('',*,*,#4332,.F.);
#4356 = ORIENTED_EDGE('',*,*,#3790,.T.);
#4357 = ORIENTED_EDGE('',*,*,#4358,.T.);
#4358 = EDGE_CURVE('',#3781,#4359,#4361,.T.);
#4359 = VERTEX_POINT('',#4360);
#4360 = CARTESIAN_POINT('',(0.16,-5.24,8.54));
#4361 = LINE('',#4362,#4363);
#4362 = CARTESIAN_POINT('',(0.16,-5.24,8.54));
#4363 = VECTOR('',#4364,1.);
#4364 = DIRECTION('',(-0.57735026919,0.57735026919,0.57735026919));
#4365 = ORIENTED_EDGE('',*,*,#4366,.F.);
#4366 = EDGE_CURVE('',#4333,#4359,#4367,.T.);
#4367 = LINE('',#4368,#4369);
#4368 = CARTESIAN_POINT('',(-0.32,-5.24,8.54));
#4369 = VECTOR('',#4370,1.);
#4370 = DIRECTION('',(1.,0.,0.));
#4371 = PLANE('',#4372);
#4372 = AXIS2_PLACEMENT_3D('',#4373,#4374,#4375);
#4373 = CARTESIAN_POINT('',(-0.32,-5.32,8.46));
#4374 = DIRECTION('',(-1.735167508357E-18,0.707106781187,-0.707106781187
    ));
#4375 = DIRECTION('',(-1.,-1.226948711654E-18,1.226948711654E-18));
#4376 = ADVANCED_FACE('',(#4377),#4388,.T.);
#4377 = FACE_BOUND('',#4378,.T.);
#4378 = EDGE_LOOP('',(#4379,#4380,#4381,#4382));
#4379 = ORIENTED_EDGE('',*,*,#4358,.F.);
#4380 = ORIENTED_EDGE('',*,*,#3807,.T.);
#4381 = ORIENTED_EDGE('',*,*,#4310,.T.);
#4382 = ORIENTED_EDGE('',*,*,#4383,.F.);
#4383 = EDGE_CURVE('',#4359,#4311,#4384,.T.);
#4384 = LINE('',#4385,#4386);
#4385 = CARTESIAN_POINT('',(0.16,-5.4,8.54));
#4386 = VECTOR('',#4387,1.);
#4387 = DIRECTION('',(0.,1.,0.));
#4388 = PLANE('',#4389);
#4389 = AXIS2_PLACEMENT_3D('',#4390,#4391,#4392);
#4390 = CARTESIAN_POINT('',(0.24,-5.4,8.46));
#4391 = DIRECTION('',(0.707106781187,-1.735167508357E-18,0.707106781187)
  );
#4392 = DIRECTION('',(1.226948711654E-18,1.,1.226948711654E-18));
#4393 = ADVANCED_FACE('',(#4394),#4400,.F.);
#4394 = FACE_BOUND('',#4395,.F.);
#4395 = EDGE_LOOP('',(#4396,#4397,#4398,#4399));
#4396 = ORIENTED_EDGE('',*,*,#3862,.F.);
#4397 = ORIENTED_EDGE('',*,*,#3886,.F.);
#4398 = ORIENTED_EDGE('',*,*,#3903,.T.);
#4399 = ORIENTED_EDGE('',*,*,#3838,.T.);
#4400 = PLANE('',#4401);
#4401 = AXIS2_PLACEMENT_3D('',#4402,#4403,#4404);
#4402 = CARTESIAN_POINT('',(-0.32,-0.32,-3.));
#4403 = DIRECTION('',(0.,0.,1.));
#4404 = DIRECTION('',(1.,0.,-0.));
#4405 = ADVANCED_FACE('',(#4406),#4412,.F.);
#4406 = FACE_BOUND('',#4407,.F.);
#4407 = EDGE_LOOP('',(#4408,#4409,#4410,#4411));
#4408 = ORIENTED_EDGE('',*,*,#3982,.F.);
#4409 = ORIENTED_EDGE('',*,*,#3999,.F.);
#4410 = ORIENTED_EDGE('',*,*,#3934,.T.);
#4411 = ORIENTED_EDGE('',*,*,#3958,.T.);
#4412 = PLANE('',#4413);
#4413 = AXIS2_PLACEMENT_3D('',#4414,#4415,#4416);
#4414 = CARTESIAN_POINT('',(-0.32,-2.86,-3.));
#4415 = DIRECTION('',(0.,0.,1.));
#4416 = DIRECTION('',(1.,0.,-0.));
#4417 = ADVANCED_FACE('',(#4418),#4424,.F.);
#4418 = FACE_BOUND('',#4419,.F.);
#4419 = EDGE_LOOP('',(#4420,#4421,#4422,#4423));
#4420 = ORIENTED_EDGE('',*,*,#4030,.F.);
#4421 = ORIENTED_EDGE('',*,*,#4054,.F.);
#4422 = ORIENTED_EDGE('',*,*,#4078,.T.);
#4423 = ORIENTED_EDGE('',*,*,#4095,.T.);
#4424 = PLANE('',#4425);
#4425 = AXIS2_PLACEMENT_3D('',#4426,#4427,#4428);
#4426 = CARTESIAN_POINT('',(-0.32,-5.4,-3.));
#4427 = DIRECTION('',(0.,0.,1.));
#4428 = DIRECTION('',(1.,0.,-0.));
#4429 = ADVANCED_FACE('',(#4430),#4436,.T.);
#4430 = FACE_BOUND('',#4431,.T.);
#4431 = EDGE_LOOP('',(#4432,#4433,#4434,#4435));
#4432 = ORIENTED_EDGE('',*,*,#4191,.T.);
#4433 = ORIENTED_EDGE('',*,*,#4126,.T.);
#4434 = ORIENTED_EDGE('',*,*,#4150,.F.);
#4435 = ORIENTED_EDGE('',*,*,#4174,.F.);
#4436 = PLANE('',#4437);
#4437 = AXIS2_PLACEMENT_3D('',#4438,#4439,#4440);
#4438 = CARTESIAN_POINT('',(-0.32,-0.32,8.54));
#4439 = DIRECTION('',(0.,0.,1.));
#4440 = DIRECTION('',(1.,0.,-0.));
#4441 = ADVANCED_FACE('',(#4442),#4448,.T.);
#4442 = FACE_BOUND('',#4443,.T.);
#4443 = EDGE_LOOP('',(#4444,#4445,#4446,#4447));
#4444 = ORIENTED_EDGE('',*,*,#4222,.T.);
#4445 = ORIENTED_EDGE('',*,*,#4246,.T.);
#4446 = ORIENTED_EDGE('',*,*,#4270,.F.);
#4447 = ORIENTED_EDGE('',*,*,#4287,.F.);
#4448 = PLANE('',#4449);
#4449 = AXIS2_PLACEMENT_3D('',#4450,#4451,#4452);
#4450 = CARTESIAN_POINT('',(-0.32,-2.86,8.54));
#4451 = DIRECTION('',(0.,0.,1.));
#4452 = DIRECTION('',(1.,0.,-0.));
#4453 = ADVANCED_FACE('',(#4454),#4460,.T.);
#4454 = FACE_BOUND('',#4455,.T.);
#4455 = EDGE_LOOP('',(#4456,#4457,#4458,#4459));
#4456 = ORIENTED_EDGE('',*,*,#4366,.T.);
#4457 = ORIENTED_EDGE('',*,*,#4383,.T.);
#4458 = ORIENTED_EDGE('',*,*,#4318,.F.);
#4459 = ORIENTED_EDGE('',*,*,#4342,.F.);
#4460 = PLANE('',#4461);
#4461 = AXIS2_PLACEMENT_3D('',#4462,#4463,#4464);
#4462 = CARTESIAN_POINT('',(-0.32,-5.4,8.54));
#4463 = DIRECTION('',(0.,0.,1.));
#4464 = DIRECTION('',(1.,0.,-0.));
#4465 = ( GEOMETRIC_REPRESENTATION_CONTEXT(3) 
GLOBAL_UNCERTAINTY_ASSIGNED_CONTEXT((#4469)) 
GLOBAL_UNIT_ASSIGNED_CONTEXT((#4466,#4467,#4468)) REPRESENTATION_CONTEXT
('Context #1','3D Context with UNIT and UNCERTAINTY') );
#4466 = ( LENGTH_UNIT() NAMED_UNIT(*) SI_UNIT(.MILLI.,.METRE.) );
#4467 = ( NAMED_UNIT(*) PLANE_ANGLE_UNIT() SI_UNIT($,.RADIAN.) );
#4468 = ( NAMED_UNIT(*) SI_UNIT($,.STERADIAN.) SOLID_ANGLE_UNIT() );
#4469 = UNCERTAINTY_MEASURE_WITH_UNIT(LENGTH_MEASURE(1.E-07),#4466,
  'distance_accuracy_value','confusion accuracy');
#4470 = CONTEXT_DEPENDENT_SHAPE_REPRESENTATION(#4471,#4473);
#4471 = ( REPRESENTATION_RELATIONSHIP('','',#2358,#10) 
REPRESENTATION_RELATIONSHIP_WITH_TRANSFORMATION(#4472) 
SHAPE_REPRESENTATION_RELATIONSHIP() );
#4472 = ITEM_DEFINED_TRANSFORMATION('','',#11,#31);
#4473 = PRODUCT_DEFINITION_SHAPE('Placement','Placement of an item',
  #4474);
#4474 = NEXT_ASSEMBLY_USAGE_OCCURRENCE('5','J2','',#5,#2353,$);
#4475 = PRODUCT_RELATED_PRODUCT_CATEGORY('part',$,(#2355));
#4476 = SHAPE_DEFINITION_REPRESENTATION(#4477,#4483);
#4477 = PRODUCT_DEFINITION_SHAPE('','',#4478);
#4478 = PRODUCT_DEFINITION('design','',#4479,#4482);
#4479 = PRODUCT_DEFINITION_FORMATION('','',#4480);
#4480 = PRODUCT('lamp_PCB','lamp_PCB','',(#4481));
#4481 = PRODUCT_CONTEXT('',#2,'mechanical');
#4482 = PRODUCT_DEFINITION_CONTEXT('part definition',#2,'design');
#4483 = ADVANCED_BREP_SHAPE_REPRESENTATION('',(#11,#4484),#4966);
#4484 = MANIFOLD_SOLID_BREP('',#4485);
#4485 = CLOSED_SHELL('',(#4486,#4519,#4649,#4779,#4796,#4813,#4830,#4847
    ,#4864,#4881,#4898,#4915,#4932,#4949));
#4486 = ADVANCED_FACE('',(#4487),#4514,.T.);
#4487 = FACE_BOUND('',#4488,.F.);
#4488 = EDGE_LOOP('',(#4489,#4499,#4506,#4507));
#4489 = ORIENTED_EDGE('',*,*,#4490,.T.);
#4490 = EDGE_CURVE('',#4491,#4493,#4495,.T.);
#4491 = VERTEX_POINT('',#4492);
#4492 = CARTESIAN_POINT('',(141.,-107.,0.));
#4493 = VERTEX_POINT('',#4494);
#4494 = CARTESIAN_POINT('',(141.,-107.,1.51));
#4495 = LINE('',#4496,#4497);
#4496 = CARTESIAN_POINT('',(141.,-107.,0.));
#4497 = VECTOR('',#4498,1.);
#4498 = DIRECTION('',(0.,0.,1.));
#4499 = ORIENTED_EDGE('',*,*,#4500,.T.);
#4500 = EDGE_CURVE('',#4493,#4493,#4501,.T.);
#4501 = CIRCLE('',#4502,14.258588);
#4502 = AXIS2_PLACEMENT_3D('',#4503,#4504,#4505);
#4503 = CARTESIAN_POINT('',(126.741412,-107.,1.51));
#4504 = DIRECTION('',(0.,0.,1.));
#4505 = DIRECTION('',(1.,0.,-0.));
#4506 = ORIENTED_EDGE('',*,*,#4490,.F.);
#4507 = ORIENTED_EDGE('',*,*,#4508,.F.);
#4508 = EDGE_CURVE('',#4491,#4491,#4509,.T.);
#4509 = CIRCLE('',#4510,14.258588);
#4510 = AXIS2_PLACEMENT_3D('',#4511,#4512,#4513);
#4511 = CARTESIAN_POINT('',(126.741412,-107.,0.));
#4512 = DIRECTION('',(0.,0.,1.));
#4513 = DIRECTION('',(1.,0.,-0.));
#4514 = CYLINDRICAL_SURFACE('',#4515,14.258588);
#4515 = AXIS2_PLACEMENT_3D('',#4516,#4517,#4518);
#4516 = CARTESIAN_POINT('',(126.741412,-107.,0.));
#4517 = DIRECTION('',(-0.,-0.,-1.));
#4518 = DIRECTION('',(1.,0.,-0.));
#4519 = ADVANCED_FACE('',(#4520,#4523,#4534,#4545,#4556,#4567,#4578,
    #4589,#4600,#4611,#4622,#4633),#4644,.F.);
#4520 = FACE_BOUND('',#4521,.F.);
#4521 = EDGE_LOOP('',(#4522));
#4522 = ORIENTED_EDGE('',*,*,#4508,.T.);
#4523 = FACE_BOUND('',#4524,.F.);
#4524 = EDGE_LOOP('',(#4525));
#4525 = ORIENTED_EDGE('',*,*,#4526,.T.);
#4526 = EDGE_CURVE('',#4527,#4527,#4529,.T.);
#4527 = VERTEX_POINT('',#4528);
#4528 = CARTESIAN_POINT('',(118.5,-111.725,0.));
#4529 = CIRCLE('',#4530,0.5);
#4530 = AXIS2_PLACEMENT_3D('',#4531,#4532,#4533);
#4531 = CARTESIAN_POINT('',(118.5,-111.225,0.));
#4532 = DIRECTION('',(-0.,0.,-1.));
#4533 = DIRECTION('',(-0.,-1.,0.));
#4534 = FACE_BOUND('',#4535,.F.);
#4535 = EDGE_LOOP('',(#4536));
#4536 = ORIENTED_EDGE('',*,*,#4537,.T.);
#4537 = EDGE_CURVE('',#4538,#4538,#4540,.T.);
#4538 = VERTEX_POINT('',#4539);
#4539 = CARTESIAN_POINT('',(121.04,-111.725,0.));
#4540 = CIRCLE('',#4541,0.5);
#4541 = AXIS2_PLACEMENT_3D('',#4542,#4543,#4544);
#4542 = CARTESIAN_POINT('',(121.04,-111.225,0.));
#4543 = DIRECTION('',(-0.,0.,-1.));
#4544 = DIRECTION('',(-0.,-1.,0.));
#4545 = FACE_BOUND('',#4546,.F.);
#4546 = EDGE_LOOP('',(#4547));
#4547 = ORIENTED_EDGE('',*,*,#4548,.T.);
#4548 = EDGE_CURVE('',#4549,#4549,#4551,.T.);
#4549 = VERTEX_POINT('',#4550);
#4550 = CARTESIAN_POINT('',(127.,-112.6525,0.));
#4551 = CIRCLE('',#4552,0.45);
#4552 = AXIS2_PLACEMENT_3D('',#4553,#4554,#4555);
#4553 = CARTESIAN_POINT('',(127.,-112.2025,0.));
#4554 = DIRECTION('',(-0.,0.,-1.));
#4555 = DIRECTION('',(-0.,-1.,0.));
#4556 = FACE_BOUND('',#4557,.F.);
#4557 = EDGE_LOOP('',(#4558));
#4558 = ORIENTED_EDGE('',*,*,#4559,.T.);
#4559 = EDGE_CURVE('',#4560,#4560,#4562,.T.);
#4560 = VERTEX_POINT('',#4561);
#4561 = CARTESIAN_POINT('',(134.5,-112.6275,0.));
#4562 = CIRCLE('',#4563,0.45);
#4563 = AXIS2_PLACEMENT_3D('',#4564,#4565,#4566);
#4564 = CARTESIAN_POINT('',(134.5,-112.1775,0.));
#4565 = DIRECTION('',(-0.,0.,-1.));
#4566 = DIRECTION('',(-0.,-1.,0.));
#4567 = FACE_BOUND('',#4568,.F.);
#4568 = EDGE_LOOP('',(#4569));
#4569 = ORIENTED_EDGE('',*,*,#4570,.T.);
#4570 = EDGE_CURVE('',#4571,#4571,#4573,.T.);
#4571 = VERTEX_POINT('',#4572);
#4572 = CARTESIAN_POINT('',(127.,-110.1125,0.));
#4573 = CIRCLE('',#4574,0.45);
#4574 = AXIS2_PLACEMENT_3D('',#4575,#4576,#4577);
#4575 = CARTESIAN_POINT('',(127.,-109.6625,0.));
#4576 = DIRECTION('',(-0.,0.,-1.));
#4577 = DIRECTION('',(-0.,-1.,0.));
#4578 = FACE_BOUND('',#4579,.F.);
#4579 = EDGE_LOOP('',(#4580));
#4580 = ORIENTED_EDGE('',*,*,#4581,.T.);
#4581 = EDGE_CURVE('',#4582,#4582,#4584,.T.);
#4582 = VERTEX_POINT('',#4583);
#4583 = CARTESIAN_POINT('',(134.5,-110.0875,0.));
#4584 = CIRCLE('',#4585,0.45);
#4585 = AXIS2_PLACEMENT_3D('',#4586,#4587,#4588);
#4586 = CARTESIAN_POINT('',(134.5,-109.6375,0.));
#4587 = DIRECTION('',(-0.,0.,-1.));
#4588 = DIRECTION('',(-0.,-1.,0.));
#4589 = FACE_BOUND('',#4590,.F.);
#4590 = EDGE_LOOP('',(#4591));
#4591 = ORIENTED_EDGE('',*,*,#4592,.T.);
#4592 = EDGE_CURVE('',#4593,#4593,#4595,.T.);
#4593 = VERTEX_POINT('',#4594);
#4594 = CARTESIAN_POINT('',(118.5,-107.04,0.));
#4595 = CIRCLE('',#4596,0.5);
#4596 = AXIS2_PLACEMENT_3D('',#4597,#4598,#4599);
#4597 = CARTESIAN_POINT('',(118.5,-106.54,0.));
#4598 = DIRECTION('',(-0.,0.,-1.));
#4599 = DIRECTION('',(-0.,-1.,0.));
#4600 = FACE_BOUND('',#4601,.F.);
#4601 = EDGE_LOOP('',(#4602));
#4602 = ORIENTED_EDGE('',*,*,#4603,.T.);
#4603 = EDGE_CURVE('',#4604,#4604,#4606,.T.);
#4604 = VERTEX_POINT('',#4605);
#4605 = CARTESIAN_POINT('',(118.5,-104.5,0.));
#4606 = CIRCLE('',#4607,0.5);
#4607 = AXIS2_PLACEMENT_3D('',#4608,#4609,#4610);
#4608 = CARTESIAN_POINT('',(118.5,-104.,0.));
#4609 = DIRECTION('',(-0.,0.,-1.));
#4610 = DIRECTION('',(-0.,-1.,0.));
#4611 = FACE_BOUND('',#4612,.F.);
#4612 = EDGE_LOOP('',(#4613));
#4613 = ORIENTED_EDGE('',*,*,#4614,.T.);
#4614 = EDGE_CURVE('',#4615,#4615,#4617,.T.);
#4615 = VERTEX_POINT('',#4616);
#4616 = CARTESIAN_POINT('',(118.5,-101.96,0.));
#4617 = CIRCLE('',#4618,0.5);
#4618 = AXIS2_PLACEMENT_3D('',#4619,#4620,#4621);
#4619 = CARTESIAN_POINT('',(118.5,-101.46,0.));
#4620 = DIRECTION('',(-0.,0.,-1.));
#4621 = DIRECTION('',(-0.,-1.,0.));
#4622 = FACE_BOUND('',#4623,.F.);
#4623 = EDGE_LOOP('',(#4624));
#4624 = ORIENTED_EDGE('',*,*,#4625,.T.);
#4625 = EDGE_CURVE('',#4626,#4626,#4628,.T.);
#4626 = VERTEX_POINT('',#4627);
#4627 = CARTESIAN_POINT('',(121.8,-101.9,0.));
#4628 = CIRCLE('',#4629,0.4);
#4629 = AXIS2_PLACEMENT_3D('',#4630,#4631,#4632);
#4630 = CARTESIAN_POINT('',(121.8,-101.5,0.));
#4631 = DIRECTION('',(-0.,0.,-1.));
#4632 = DIRECTION('',(-3.552713678801E-14,-1.,0.));
#4633 = FACE_BOUND('',#4634,.F.);
#4634 = EDGE_LOOP('',(#4635));
#4635 = ORIENTED_EDGE('',*,*,#4636,.T.);
#4636 = EDGE_CURVE('',#4637,#4637,#4639,.T.);
#4637 = VERTEX_POINT('',#4638);
#4638 = CARTESIAN_POINT('',(134.5,-101.9,0.));
#4639 = CIRCLE('',#4640,0.4);
#4640 = AXIS2_PLACEMENT_3D('',#4641,#4642,#4643);
#4641 = CARTESIAN_POINT('',(134.5,-101.5,0.));
#4642 = DIRECTION('',(-0.,0.,-1.));
#4643 = DIRECTION('',(-0.,-1.,0.));
#4644 = PLANE('',#4645);
#4645 = AXIS2_PLACEMENT_3D('',#4646,#4647,#4648);
#4646 = CARTESIAN_POINT('',(0.,0.,0.));
#4647 = DIRECTION('',(0.,0.,1.));
#4648 = DIRECTION('',(1.,0.,-0.));
#4649 = ADVANCED_FACE('',(#4650,#4653,#4664,#4675,#4686,#4697,#4708,
    #4719,#4730,#4741,#4752,#4763),#4774,.T.);
#4650 = FACE_BOUND('',#4651,.T.);
#4651 = EDGE_LOOP('',(#4652));
#4652 = ORIENTED_EDGE('',*,*,#4500,.T.);
#4653 = FACE_BOUND('',#4654,.T.);
#4654 = EDGE_LOOP('',(#4655));
#4655 = ORIENTED_EDGE('',*,*,#4656,.T.);
#4656 = EDGE_CURVE('',#4657,#4657,#4659,.T.);
#4657 = VERTEX_POINT('',#4658);
#4658 = CARTESIAN_POINT('',(118.5,-111.725,1.51));
#4659 = CIRCLE('',#4660,0.5);
#4660 = AXIS2_PLACEMENT_3D('',#4661,#4662,#4663);
#4661 = CARTESIAN_POINT('',(118.5,-111.225,1.51));
#4662 = DIRECTION('',(-0.,0.,-1.));
#4663 = DIRECTION('',(-0.,-1.,0.));
#4664 = FACE_BOUND('',#4665,.T.);
#4665 = EDGE_LOOP('',(#4666));
#4666 = ORIENTED_EDGE('',*,*,#4667,.T.);
#4667 = EDGE_CURVE('',#4668,#4668,#4670,.T.);
#4668 = VERTEX_POINT('',#4669);
#4669 = CARTESIAN_POINT('',(121.04,-111.725,1.51));
#4670 = CIRCLE('',#4671,0.5);
#4671 = AXIS2_PLACEMENT_3D('',#4672,#4673,#4674);
#4672 = CARTESIAN_POINT('',(121.04,-111.225,1.51));
#4673 = DIRECTION('',(-0.,0.,-1.));
#4674 = DIRECTION('',(-0.,-1.,0.));
#4675 = FACE_BOUND('',#4676,.T.);
#4676 = EDGE_LOOP('',(#4677));
#4677 = ORIENTED_EDGE('',*,*,#4678,.T.);
#4678 = EDGE_CURVE('',#4679,#4679,#4681,.T.);
#4679 = VERTEX_POINT('',#4680);
#4680 = CARTESIAN_POINT('',(127.,-112.6525,1.51));
#4681 = CIRCLE('',#4682,0.45);
#4682 = AXIS2_PLACEMENT_3D('',#4683,#4684,#4685);
#4683 = CARTESIAN_POINT('',(127.,-112.2025,1.51));
#4684 = DIRECTION('',(-0.,0.,-1.));
#4685 = DIRECTION('',(-0.,-1.,0.));
#4686 = FACE_BOUND('',#4687,.T.);
#4687 = EDGE_LOOP('',(#4688));
#4688 = ORIENTED_EDGE('',*,*,#4689,.T.);
#4689 = EDGE_CURVE('',#4690,#4690,#4692,.T.);
#4690 = VERTEX_POINT('',#4691);
#4691 = CARTESIAN_POINT('',(134.5,-112.6275,1.51));
#4692 = CIRCLE('',#4693,0.45);
#4693 = AXIS2_PLACEMENT_3D('',#4694,#4695,#4696);
#4694 = CARTESIAN_POINT('',(134.5,-112.1775,1.51));
#4695 = DIRECTION('',(-0.,0.,-1.));
#4696 = DIRECTION('',(-0.,-1.,0.));
#4697 = FACE_BOUND('',#4698,.T.);
#4698 = EDGE_LOOP('',(#4699));
#4699 = ORIENTED_EDGE('',*,*,#4700,.T.);
#4700 = EDGE_CURVE('',#4701,#4701,#4703,.T.);
#4701 = VERTEX_POINT('',#4702);
#4702 = CARTESIAN_POINT('',(127.,-110.1125,1.51));
#4703 = CIRCLE('',#4704,0.45);
#4704 = AXIS2_PLACEMENT_3D('',#4705,#4706,#4707);
#4705 = CARTESIAN_POINT('',(127.,-109.6625,1.51));
#4706 = DIRECTION('',(-0.,0.,-1.));
#4707 = DIRECTION('',(-0.,-1.,0.));
#4708 = FACE_BOUND('',#4709,.T.);
#4709 = EDGE_LOOP('',(#4710));
#4710 = ORIENTED_EDGE('',*,*,#4711,.T.);
#4711 = EDGE_CURVE('',#4712,#4712,#4714,.T.);
#4712 = VERTEX_POINT('',#4713);
#4713 = CARTESIAN_POINT('',(134.5,-110.0875,1.51));
#4714 = CIRCLE('',#4715,0.45);
#4715 = AXIS2_PLACEMENT_3D('',#4716,#4717,#4718);
#4716 = CARTESIAN_POINT('',(134.5,-109.6375,1.51));
#4717 = DIRECTION('',(-0.,0.,-1.));
#4718 = DIRECTION('',(-0.,-1.,0.));
#4719 = FACE_BOUND('',#4720,.T.);
#4720 = EDGE_LOOP('',(#4721));
#4721 = ORIENTED_EDGE('',*,*,#4722,.T.);
#4722 = EDGE_CURVE('',#4723,#4723,#4725,.T.);
#4723 = VERTEX_POINT('',#4724);
#4724 = CARTESIAN_POINT('',(118.5,-107.04,1.51));
#4725 = CIRCLE('',#4726,0.5);
#4726 = AXIS2_PLACEMENT_3D('',#4727,#4728,#4729);
#4727 = CARTESIAN_POINT('',(118.5,-106.54,1.51));
#4728 = DIRECTION('',(-0.,0.,-1.));
#4729 = DIRECTION('',(-0.,-1.,0.));
#4730 = FACE_BOUND('',#4731,.T.);
#4731 = EDGE_LOOP('',(#4732));
#4732 = ORIENTED_EDGE('',*,*,#4733,.T.);
#4733 = EDGE_CURVE('',#4734,#4734,#4736,.T.);
#4734 = VERTEX_POINT('',#4735);
#4735 = CARTESIAN_POINT('',(118.5,-104.5,1.51));
#4736 = CIRCLE('',#4737,0.5);
#4737 = AXIS2_PLACEMENT_3D('',#4738,#4739,#4740);
#4738 = CARTESIAN_POINT('',(118.5,-104.,1.51));
#4739 = DIRECTION('',(-0.,0.,-1.));
#4740 = DIRECTION('',(-0.,-1.,0.));
#4741 = FACE_BOUND('',#4742,.T.);
#4742 = EDGE_LOOP('',(#4743));
#4743 = ORIENTED_EDGE('',*,*,#4744,.T.);
#4744 = EDGE_CURVE('',#4745,#4745,#4747,.T.);
#4745 = VERTEX_POINT('',#4746);
#4746 = CARTESIAN_POINT('',(118.5,-101.96,1.51));
#4747 = CIRCLE('',#4748,0.5);
#4748 = AXIS2_PLACEMENT_3D('',#4749,#4750,#4751);
#4749 = CARTESIAN_POINT('',(118.5,-101.46,1.51));
#4750 = DIRECTION('',(-0.,0.,-1.));
#4751 = DIRECTION('',(-0.,-1.,0.));
#4752 = FACE_BOUND('',#4753,.T.);
#4753 = EDGE_LOOP('',(#4754));
#4754 = ORIENTED_EDGE('',*,*,#4755,.T.);
#4755 = EDGE_CURVE('',#4756,#4756,#4758,.T.);
#4756 = VERTEX_POINT('',#4757);
#4757 = CARTESIAN_POINT('',(121.8,-101.9,1.51));
#4758 = CIRCLE('',#4759,0.4);
#4759 = AXIS2_PLACEMENT_3D('',#4760,#4761,#4762);
#4760 = CARTESIAN_POINT('',(121.8,-101.5,1.51));
#4761 = DIRECTION('',(-0.,0.,-1.));
#4762 = DIRECTION('',(-3.552713678801E-14,-1.,0.));
#4763 = FACE_BOUND('',#4764,.T.);
#4764 = EDGE_LOOP('',(#4765));
#4765 = ORIENTED_EDGE('',*,*,#4766,.T.);
#4766 = EDGE_CURVE('',#4767,#4767,#4769,.T.);
#4767 = VERTEX_POINT('',#4768);
#4768 = CARTESIAN_POINT('',(134.5,-101.9,1.51));
#4769 = CIRCLE('',#4770,0.4);
#4770 = AXIS2_PLACEMENT_3D('',#4771,#4772,#4773);
#4771 = CARTESIAN_POINT('',(134.5,-101.5,1.51));
#4772 = DIRECTION('',(-0.,0.,-1.));
#4773 = DIRECTION('',(-0.,-1.,0.));
#4774 = PLANE('',#4775);
#4775 = AXIS2_PLACEMENT_3D('',#4776,#4777,#4778);
#4776 = CARTESIAN_POINT('',(0.,0.,1.51));
#4777 = DIRECTION('',(0.,0.,1.));
#4778 = DIRECTION('',(1.,0.,-0.));
#4779 = ADVANCED_FACE('',(#4780),#4791,.F.);
#4780 = FACE_BOUND('',#4781,.T.);
#4781 = EDGE_LOOP('',(#4782,#4783,#4789,#4790));
#4782 = ORIENTED_EDGE('',*,*,#4526,.T.);
#4783 = ORIENTED_EDGE('',*,*,#4784,.T.);
#4784 = EDGE_CURVE('',#4527,#4657,#4785,.T.);
#4785 = LINE('',#4786,#4787);
#4786 = CARTESIAN_POINT('',(118.5,-111.725,-4.6E-02));
#4787 = VECTOR('',#4788,1.);
#4788 = DIRECTION('',(0.,0.,1.));
#4789 = ORIENTED_EDGE('',*,*,#4656,.F.);
#4790 = ORIENTED_EDGE('',*,*,#4784,.F.);
#4791 = CYLINDRICAL_SURFACE('',#4792,0.5);
#4792 = AXIS2_PLACEMENT_3D('',#4793,#4794,#4795);
#4793 = CARTESIAN_POINT('',(118.5,-111.225,-4.6E-02));
#4794 = DIRECTION('',(-0.,-0.,-1.));
#4795 = DIRECTION('',(-0.,-1.,0.));
#4796 = ADVANCED_FACE('',(#4797),#4808,.F.);
#4797 = FACE_BOUND('',#4798,.T.);
#4798 = EDGE_LOOP('',(#4799,#4800,#4806,#4807));
#4799 = ORIENTED_EDGE('',*,*,#4537,.T.);
#4800 = ORIENTED_EDGE('',*,*,#4801,.T.);
#4801 = EDGE_CURVE('',#4538,#4668,#4802,.T.);
#4802 = LINE('',#4803,#4804);
#4803 = CARTESIAN_POINT('',(121.04,-111.725,-4.6E-02));
#4804 = VECTOR('',#4805,1.);
#4805 = DIRECTION('',(0.,0.,1.));
#4806 = ORIENTED_EDGE('',*,*,#4667,.F.);
#4807 = ORIENTED_EDGE('',*,*,#4801,.F.);
#4808 = CYLINDRICAL_SURFACE('',#4809,0.5);
#4809 = AXIS2_PLACEMENT_3D('',#4810,#4811,#4812);
#4810 = CARTESIAN_POINT('',(121.04,-111.225,-4.6E-02));
#4811 = DIRECTION('',(-0.,-0.,-1.));
#4812 = DIRECTION('',(-0.,-1.,0.));
#4813 = ADVANCED_FACE('',(#4814),#4825,.F.);
#4814 = FACE_BOUND('',#4815,.T.);
#4815 = EDGE_LOOP('',(#4816,#4817,#4823,#4824));
#4816 = ORIENTED_EDGE('',*,*,#4548,.T.);
#4817 = ORIENTED_EDGE('',*,*,#4818,.T.);
#4818 = EDGE_CURVE('',#4549,#4679,#4819,.T.);
#4819 = LINE('',#4820,#4821);
#4820 = CARTESIAN_POINT('',(127.,-112.6525,-4.6E-02));
#4821 = VECTOR('',#4822,1.);
#4822 = DIRECTION('',(0.,0.,1.));
#4823 = ORIENTED_EDGE('',*,*,#4678,.F.);
#4824 = ORIENTED_EDGE('',*,*,#4818,.F.);
#4825 = CYLINDRICAL_SURFACE('',#4826,0.45);
#4826 = AXIS2_PLACEMENT_3D('',#4827,#4828,#4829);
#4827 = CARTESIAN_POINT('',(127.,-112.2025,-4.6E-02));
#4828 = DIRECTION('',(-0.,-0.,-1.));
#4829 = DIRECTION('',(-0.,-1.,0.));
#4830 = ADVANCED_FACE('',(#4831),#4842,.F.);
#4831 = FACE_BOUND('',#4832,.T.);
#4832 = EDGE_LOOP('',(#4833,#4834,#4840,#4841));
#4833 = ORIENTED_EDGE('',*,*,#4559,.T.);
#4834 = ORIENTED_EDGE('',*,*,#4835,.T.);
#4835 = EDGE_CURVE('',#4560,#4690,#4836,.T.);
#4836 = LINE('',#4837,#4838);
#4837 = CARTESIAN_POINT('',(134.5,-112.6275,-4.6E-02));
#4838 = VECTOR('',#4839,1.);
#4839 = DIRECTION('',(0.,0.,1.));
#4840 = ORIENTED_EDGE('',*,*,#4689,.F.);
#4841 = ORIENTED_EDGE('',*,*,#4835,.F.);
#4842 = CYLINDRICAL_SURFACE('',#4843,0.45);
#4843 = AXIS2_PLACEMENT_3D('',#4844,#4845,#4846);
#4844 = CARTESIAN_POINT('',(134.5,-112.1775,-4.6E-02));
#4845 = DIRECTION('',(-0.,-0.,-1.));
#4846 = DIRECTION('',(-0.,-1.,0.));
#4847 = ADVANCED_FACE('',(#4848),#4859,.F.);
#4848 = FACE_BOUND('',#4849,.T.);
#4849 = EDGE_LOOP('',(#4850,#4851,#4857,#4858));
#4850 = ORIENTED_EDGE('',*,*,#4570,.T.);
#4851 = ORIENTED_EDGE('',*,*,#4852,.T.);
#4852 = EDGE_CURVE('',#4571,#4701,#4853,.T.);
#4853 = LINE('',#4854,#4855);
#4854 = CARTESIAN_POINT('',(127.,-110.1125,-4.6E-02));
#4855 = VECTOR('',#4856,1.);
#4856 = DIRECTION('',(0.,0.,1.));
#4857 = ORIENTED_EDGE('',*,*,#4700,.F.);
#4858 = ORIENTED_EDGE('',*,*,#4852,.F.);
#4859 = CYLINDRICAL_SURFACE('',#4860,0.45);
#4860 = AXIS2_PLACEMENT_3D('',#4861,#4862,#4863);
#4861 = CARTESIAN_POINT('',(127.,-109.6625,-4.6E-02));
#4862 = DIRECTION('',(-0.,-0.,-1.));
#4863 = DIRECTION('',(-0.,-1.,0.));
#4864 = ADVANCED_FACE('',(#4865),#4876,.F.);
#4865 = FACE_BOUND('',#4866,.T.);
#4866 = EDGE_LOOP('',(#4867,#4868,#4874,#4875));
#4867 = ORIENTED_EDGE('',*,*,#4581,.T.);
#4868 = ORIENTED_EDGE('',*,*,#4869,.T.);
#4869 = EDGE_CURVE('',#4582,#4712,#4870,.T.);
#4870 = LINE('',#4871,#4872);
#4871 = CARTESIAN_POINT('',(134.5,-110.0875,-4.6E-02));
#4872 = VECTOR('',#4873,1.);
#4873 = DIRECTION('',(0.,0.,1.));
#4874 = ORIENTED_EDGE('',*,*,#4711,.F.);
#4875 = ORIENTED_EDGE('',*,*,#4869,.F.);
#4876 = CYLINDRICAL_SURFACE('',#4877,0.45);
#4877 = AXIS2_PLACEMENT_3D('',#4878,#4879,#4880);
#4878 = CARTESIAN_POINT('',(134.5,-109.6375,-4.6E-02));
#4879 = DIRECTION('',(-0.,-0.,-1.));
#4880 = DIRECTION('',(-0.,-1.,0.));
#4881 = ADVANCED_FACE('',(#4882),#4893,.F.);
#4882 = FACE_BOUND('',#4883,.T.);
#4883 = EDGE_LOOP('',(#4884,#4885,#4891,#4892));
#4884 = ORIENTED_EDGE('',*,*,#4592,.T.);
#4885 = ORIENTED_EDGE('',*,*,#4886,.T.);
#4886 = EDGE_CURVE('',#4593,#4723,#4887,.T.);
#4887 = LINE('',#4888,#4889);
#4888 = CARTESIAN_POINT('',(118.5,-107.04,-4.6E-02));
#4889 = VECTOR('',#4890,1.);
#4890 = DIRECTION('',(0.,0.,1.));
#4891 = ORIENTED_EDGE('',*,*,#4722,.F.);
#4892 = ORIENTED_EDGE('',*,*,#4886,.F.);
#4893 = CYLINDRICAL_SURFACE('',#4894,0.5);
#4894 = AXIS2_PLACEMENT_3D('',#4895,#4896,#4897);
#4895 = CARTESIAN_POINT('',(118.5,-106.54,-4.6E-02));
#4896 = DIRECTION('',(-0.,-0.,-1.));
#4897 = DIRECTION('',(-0.,-1.,0.));
#4898 = ADVANCED_FACE('',(#4899),#4910,.F.);
#4899 = FACE_BOUND('',#4900,.T.);
#4900 = EDGE_LOOP('',(#4901,#4902,#4908,#4909));
#4901 = ORIENTED_EDGE('',*,*,#4603,.T.);
#4902 = ORIENTED_EDGE('',*,*,#4903,.T.);
#4903 = EDGE_CURVE('',#4604,#4734,#4904,.T.);
#4904 = LINE('',#4905,#4906);
#4905 = CARTESIAN_POINT('',(118.5,-104.5,-4.6E-02));
#4906 = VECTOR('',#4907,1.);
#4907 = DIRECTION('',(0.,0.,1.));
#4908 = ORIENTED_EDGE('',*,*,#4733,.F.);
#4909 = ORIENTED_EDGE('',*,*,#4903,.F.);
#4910 = CYLINDRICAL_SURFACE('',#4911,0.5);
#4911 = AXIS2_PLACEMENT_3D('',#4912,#4913,#4914);
#4912 = CARTESIAN_POINT('',(118.5,-104.,-4.6E-02));
#4913 = DIRECTION('',(-0.,-0.,-1.));
#4914 = DIRECTION('',(-0.,-1.,0.));
#4915 = ADVANCED_FACE('',(#4916),#4927,.F.);
#4916 = FACE_BOUND('',#4917,.T.);
#4917 = EDGE_LOOP('',(#4918,#4919,#4925,#4926));
#4918 = ORIENTED_EDGE('',*,*,#4614,.T.);
#4919 = ORIENTED_EDGE('',*,*,#4920,.T.);
#4920 = EDGE_CURVE('',#4615,#4745,#4921,.T.);
#4921 = LINE('',#4922,#4923);
#4922 = CARTESIAN_POINT('',(118.5,-101.96,-4.6E-02));
#4923 = VECTOR('',#4924,1.);
#4924 = DIRECTION('',(0.,0.,1.));
#4925 = ORIENTED_EDGE('',*,*,#4744,.F.);
#4926 = ORIENTED_EDGE('',*,*,#4920,.F.);
#4927 = CYLINDRICAL_SURFACE('',#4928,0.5);
#4928 = AXIS2_PLACEMENT_3D('',#4929,#4930,#4931);
#4929 = CARTESIAN_POINT('',(118.5,-101.46,-4.6E-02));
#4930 = DIRECTION('',(-0.,-0.,-1.));
#4931 = DIRECTION('',(-0.,-1.,0.));
#4932 = ADVANCED_FACE('',(#4933),#4944,.F.);
#4933 = FACE_BOUND('',#4934,.T.);
#4934 = EDGE_LOOP('',(#4935,#4936,#4942,#4943));
#4935 = ORIENTED_EDGE('',*,*,#4625,.T.);
#4936 = ORIENTED_EDGE('',*,*,#4937,.T.);
#4937 = EDGE_CURVE('',#4626,#4756,#4938,.T.);
#4938 = LINE('',#4939,#4940);
#4939 = CARTESIAN_POINT('',(121.8,-101.9,-4.6E-02));
#4940 = VECTOR('',#4941,1.);
#4941 = DIRECTION('',(0.,0.,1.));
#4942 = ORIENTED_EDGE('',*,*,#4755,.F.);
#4943 = ORIENTED_EDGE('',*,*,#4937,.F.);
#4944 = CYLINDRICAL_SURFACE('',#4945,0.4);
#4945 = AXIS2_PLACEMENT_3D('',#4946,#4947,#4948);
#4946 = CARTESIAN_POINT('',(121.8,-101.5,-4.6E-02));
#4947 = DIRECTION('',(-0.,-0.,-1.));
#4948 = DIRECTION('',(-3.552713678801E-14,-1.,0.));
#4949 = ADVANCED_FACE('',(#4950),#4961,.F.);
#4950 = FACE_BOUND('',#4951,.T.);
#4951 = EDGE_LOOP('',(#4952,#4953,#4959,#4960));
#4952 = ORIENTED_EDGE('',*,*,#4636,.T.);
#4953 = ORIENTED_EDGE('',*,*,#4954,.T.);
#4954 = EDGE_CURVE('',#4637,#4767,#4955,.T.);
#4955 = LINE('',#4956,#4957);
#4956 = CARTESIAN_POINT('',(134.5,-101.9,-4.6E-02));
#4957 = VECTOR('',#4958,1.);
#4958 = DIRECTION('',(0.,0.,1.));
#4959 = ORIENTED_EDGE('',*,*,#4766,.F.);
#4960 = ORIENTED_EDGE('',*,*,#4954,.F.);
#4961 = CYLINDRICAL_SURFACE('',#4962,0.4);
#4962 = AXIS2_PLACEMENT_3D('',#4963,#4964,#4965);
#4963 = CARTESIAN_POINT('',(134.5,-101.5,-4.6E-02));
#4964 = DIRECTION('',(-0.,-0.,-1.));
#4965 = DIRECTION('',(-0.,-1.,0.));
#4966 = ( GEOMETRIC_REPRESENTATION_CONTEXT(3) 
GLOBAL_UNCERTAINTY_ASSIGNED_CONTEXT((#4970)) 
GLOBAL_UNIT_ASSIGNED_CONTEXT((#4967,#4968,#4969)) REPRESENTATION_CONTEXT
('Context #1','3D Context with UNIT and UNCERTAINTY') );
#4967 = ( LENGTH_UNIT() NAMED_UNIT(*) SI_UNIT(.MILLI.,.METRE.) );
#4968 = ( NAMED_UNIT(*) PLANE_ANGLE_UNIT() SI_UNIT($,.RADIAN.) );
#4969 = ( NAMED_UNIT(*) SI_UNIT($,.STERADIAN.) SOLID_ANGLE_UNIT() );
#4970 = UNCERTAINTY_MEASURE_WITH_UNIT(LENGTH_MEASURE(1.E-07),#4967,
  'distance_accuracy_value','confusion accuracy');
#4971 = CONTEXT_DEPENDENT_SHAPE_REPRESENTATION(#4972,#4974);
#4972 = ( REPRESENTATION_RELATIONSHIP('','',#4483,#10) 
REPRESENTATION_RELATIONSHIP_WITH_TRANSFORMATION(#4973) 
SHAPE_REPRESENTATION_RELATIONSHIP() );
#4973 = ITEM_DEFINED_TRANSFORMATION('','',#11,#35);
#4974 = PRODUCT_DEFINITION_SHAPE('Placement','Placement of an item',
  #4975);
#4975 = NEXT_ASSEMBLY_USAGE_OCCURRENCE('6','=>[0:1:1:6]','',#5,#4478,$);
#4976 = PRODUCT_RELATED_PRODUCT_CATEGORY('part',$,(#4480));
#4977 = MECHANICAL_DESIGN_GEOMETRIC_PRESENTATION_REPRESENTATION('',(
    #4978),#4966);
#4978 = STYLED_ITEM('color',(#4979),#4484);
#4979 = PRESENTATION_STYLE_ASSIGNMENT((#4980));
#4980 = SURFACE_STYLE_USAGE(.BOTH.,#4981);
#4981 = SURFACE_SIDE_STYLE('',(#4982));
#4982 = SURFACE_STYLE_FILL_AREA(#4983);
#4983 = FILL_AREA_STYLE('',(#4984));
#4984 = FILL_AREA_STYLE_COLOUR('',#4985);
#4985 = COLOUR_RGB('',0.313304153717,0.484529207832,0.410020903123);
ENDSEC;
END-ISO-10303-21;
